subject,body,label
job posting - apple-iss research center,"content - length : 3386 apple-iss research center a us $ 10 million joint venture between apple computer inc . and the institute of systems science of the national university of singapore , located in singapore , is looking for : a senior speech scientist - - - - - - - - - - - - - - - - - - - - - - - - - the successful candidate will have research expertise in computational linguistics , including natural language processing and * * english * * and * * chinese * * statistical language modeling . knowledge of state-of - the-art corpus-based n - gram language models , cache language models , and part-of - speech language models are required . a text - to - speech project leader - - - - - - - - - - - - - - - - - - - - - - - - - - - - - - - the successful candidate will have research expertise expertise in two or more of the following areas : computational linguistics , including natural language parsing , lexical database design , and statistical language modeling ; text tokenization and normalization ; prosodic analysis . substantial knowledge of the phonology , syntax , and semantics of chinese is required . knowledge of acoustic phonetics and / or speech signal processing is desirable . both candidates will have a phd with at least 2 to 4 years of relevant work experience , or a technical msc degree with at least 5 to 7 years of experienc e . very strong software engineering skills , including design and implementation , and productization are required in these positions . knowledge of c , c + + and unix are preferred . a unix & c programmer - - - - - - - - - - - - - - - - - - - - we are looking for an experienced unix & c programmer , preferably with good industry experience , to join us in breaking new frontiers . strong knowledge of unix tools ( compilers , linkers , make , x - windows , e - mac , . . . ) and experience in matlab required . sun and silicon graphic experience is an advantage . programmers with less than two years industry experience need not apply . these positions include interaction with scientists in the national university of singapore , and with apple 's speech research and productization efforts located in cupertino , california . attendance and publication in international scientific / engineering conferences is encouraged . benefits include an internationally competitive salary , housing subsidy , and relocation expenses . _ _ _ _ _ _ _ _ _ _ _ _ _ _ _ _ _ _ _ _ _ _ _ _ _ _ _ _ _ _ _ _ _ _ _ _ _ _ _ _ _ _ _ _ _ _ _ _ _ _ _ _ _ _ _ _ _ _ _ _ _ _ _ _ _ _ send a complete resume , enclosing personal particulars , qualifications , experience and contact telephone number to : mr jean - luc lebrun center manager apple - iss research center , institute of systems science heng mui keng terrace , singapore 0511 tel : ( 65 ) 772-6571 fax : ( 65 ) 776-4005 email : jllebrun @ iss . nus . sg
",0
fulbright announcement : please post / disseminate to lists,"fulbright announcement : please post / disseminate to lists subject fulbright scholar program competition for 1996-97 : fulbright chairs in western europe and canada action : submissions due may 1 , 1995 info : dr . karen adams or ms . margo cunniffe council for international exchange of scholars 3007 tilden street , n . w . , suite 5m washington , dc 20008-3009 telephone : 202-686 - 6245 or 202 / 686-6242 fax : 202-362 - 3442 internet : we1 @ ciesnet . cies . org * * * * * * * * * * * * * * * * * * * * award descriptions : 1 . italy : venice chair department of philosophy and theory of sciences , university of venice . three months , between 2 / 97 and 6 / 97 . specialty : philosophy of language or theoretical linguistics . assignment : grantee will teach on both graduate and undergraduate levels and is to offer an advanced class in either contemporary theoretical linguistics ( theory of syntax and the syntax of logical form ) or contemporary philosophy of language ( theory of meaning , semantics of natural language , theory of predication , language and ontology ) . lecturing in english . 2 . italy : naples chair department of modern philology , university of naples . three months , between 3 / 1 / 97 and 5 / / 31 / 97 . specialty : american literature , american cultural studies , american language , or general linguistics . assignment : lecturing in english . occasional guest lectures at other cultural institutions in naples and elsewhere in italy .
",0
simultaneous prepositions and postpositions in pashto,"i ' m looking for analyses of nominal constructions ( in any language ) in which the np has _ both _ a preposition and a postposition . for example , pashto has constructions like the following , from herbert penzl , _ a grammar of pashto _ ( washington , d . c . : american council of learned societies , 1955 ) , p . 41 : we sarri te to man to ' to the man ' the preposition is sometimes optional , though the postposition is obligatory . since pashto is head-final ( the unmarked word order is sov ) , it 's tempting to take the postposition at face-value . however , there are some binding facts that suggest that a phrase containing an np + postposition is referential , and so it might be possible to analyze the postposition as some kind of case marker . i understand that there may be such a distinction between homophonous case markers and postpositions in japanese , for example . i 'd be grateful if anyone could suggest any articles that deal with these constructions . and if there are other linguists who are studying pashto , i 'd like to hear from you . thanks for any help ! taylor roberts < troberts @ mit . edu >",0
question : quantitative information,"hello , there is someone who knows where can i look for "" quantitative "" information on languages ( e . g . number of words , average number of senses per word , etc . ) . i ' m mostly interested in comparing italian and english but every kind of information you can give me will be appreciated . eventually i will post a summary . thanks in advance , - massimo .
",0
re : amharic,"i am doing independent study on the rift valley of africa . amharic is a dialect spoken in that area , primarily eithiopia . i am trying to assertain what certain words would be in that language . for example , - - lion - - death - - baby - - water - - man - - woman - - family . any help would be appreciated ed . wagner
",0
job announcement,"austrian research institute for artificial intelligence ( ofai ) vienna , austria research position in natural language engineering a research position is to be filled in the natural language processing research group from october 1995 . the position is associated with a project grant from the austrian science foundation and will be initially for 24 months . an extension is possible , depending on further funding . the project aims at the development of a prototype of a german concept-to - speech synthesizer , with special emphasis on the mapping of a prosodic notation into phonetic / acoustic parameters . the prosodic notation is based on pierrehumbert 's notation , the synthesizer to be used is a demisyllable synthesizer developed at vienna university of technology . the project will build on previous research performed at our institute . the candidate should have experience in the field of speech synthesis or a related area . knowledge of german would be favourable . salary will be in the range of 340 . 000 austrian schillings per year ( before taxes ) . according to local regulations , the salary depends on the formal prerequisite of a doctorate , otherwise the salary will be significantly lower . informal inquiries to harald trost ( harald @ ai . univie . ac . at ) or ernst buchberger ( ernst @ ai . univie . ac . at ) , tel . + 43 - 1-535 32 810 . ofai is the leading austrian research institute in ai and natural language engineering and a member of elsnet . more information about language engineering at ofai can be found at http : / / www . ai . univie . ac . at / oefai / nlu . html if you are interested , send an informal application * as soon as possible * by email to harald @ ai . univie . ac . at , including a short cv emphasizing previous relevant education and research experience . we will contact promising candidates , so that they can submit a formal application with all details later on . - - - - - - - - - - - - - - - - - - - - - - - - - - - - - - - - - - - - - - - - - - - - - - - - - - - - - - - - - - - - - - - - - - - - - - - ernst buchberger , dept . of med . cybernetics & artificial intelligence , university of vienna , freyung 6 , a-1010 vienna , austria and austrian research institute for artificial intelligence , vienna + 43 - 1-53532810 ( tel ) , + 43 - 1-5320652 ( fax ) , ernst @ ai . univie . ac . at
",0
yiddish orthography,"is there a standard orthography for yiddish in the roman alphabet ? what would the reference be ? reply to me privately , please . - thanks , charlotte linde
",0
recommendations on ling . font set for mac ?,"i am looking for recommendations on a linguistic font set for the macintosh . ideally i would like one that is not bitmapped , if such a thing exists . germanic characters are also a requirement . please e-mail me with any recommendations , as well as info on where to purchase the fonts . thanks ! lee forester forester @ smaug . cs . hope . edu
",0
q : german linguistic terms,"does anybody know the german for hissing fricatives alias sibilants vs . hushing fricatives alias shibilants ? and also the term if any for the hissing-hushing fricatives ( like the polish s-acute , z-acute ) which russians call 's vistjashche-shipjashchie ' and georgian sisin-shishina ? alexis manaster ramer
",0
esl curriculum,"after 20 years as a research scientist , i am starting a new career in esl . i am interested in developing ( or adapting ) a specialized course for foreign medical trainees in american medical schools and hospitals . i ' m also interested in esp courses for students in the sciences . i presently teach "" english for international graduate teaching assistants "" which is a very practical course to enhance the teaching assistants ' effectiveness in the classrom / lab . i would appreciate anyone sharing course description , syllabus , texts used , comments . . . thanks , gfridland @ utmem1 . utmem . edu
",0
question : norwegian,"to : linguist @ tamv1 . tamu . edu date sent : mon , 21 aug 1995 15 : 38 : 50 dear linguists , could someone help me to find examples representing the difference between the two official standard languages in norway ( nynorsk and bokmal ) . all the textbooks at our library are for bokmal only and i would like to understand the differences and similarities between the two languages . maybe someone could just translate the following sentences into nynorsk : jeg trodde han spilte fiolin . jeg sa en som hang pa veggen . thank you very much for your help ana deumert department of linguistics university of cape town south africa
",0
idioms,"content - length : 99 please send "" appalachian idioms "" info to this address . thanks ! curtis matthews acm4002 @ tntech . edu
",0
voyeur de tons,"could someone tell me what relatively cheap software for mac to use to see the tonal melodies ( or convert frequencies in curves ) in tone languages ? thanks .
",0
phrase identification,"dept of english , university of louisville , lou ky 40291 phone : 502 / 852-5901 an asian student has said that an american student has flamed him on the university 's e-mail system by calling him a "" vaginer shill "" . has anyone heard of this phrase ? what does it mean ? ( this spelling is exactly that used by the american student . ) karen a . mullen university of louisville internet : kamull01 @ ulkyvm . louisville . edu bitnet : kamull01 @ ulkyvm
",0
palindromes,"hi you all out there ! i am a total fan ( atic ) of palindromes , such as "" a man , a plan , a canal - panama "" or "" in girum imus nocte et consumimur igni "" - expressions which read from behind result either in the same message or , even more interesting , in new , other , however meaningful message . i assume there are many palindromes i do not know yet , so i would just want to ask any one of you : if you know of one or more palindrome ( s ) in any language , please write them to me via linguist , i will then make the results accessible to everybody . also if you know of books and / or articles citing palindromes , please write me ! ! ! and here is my absolute favorite , the best i know : "" nie fragt sie : ist gefegt ? sie ist gar fein "" ( source unknown ) ( she never asks : has the sweeping been done ? she is very refined . ) i would be thankful to receive as many as possible palindromes , thank you ! and if it is not in german , english , french or italian , please also add an english translation . . . "" koop ik ' n ei , dan nadie ' n kip ook "" ( when i buy an egg , then also a chicken ) so long , i am looking forward to many messages ! "" madam , i ' m adam "" manfred immler
",0
holding / managing / hand,"i am looking at semantic extensions of "" hand "" and "" hold "" to include controlling or managing or influencing . i need as many cross-linguistic examples ( with sources ) as possible of words for "" hold "" / "" grasp "" or "" hand "" which have been extended ( with appropriate morphology if appropriate ) to mean "" manage "" , "" control "" , "" influence "" or "" deal with "" . for example , english has hand , handle ( noun and verb ) , german has hand , handel , handlung , handhaben , etc . if you can give me any examples from your various synchronic and diachronic territories , i 'd be very grateful . paul woods english department 205 morrill hall oklahoma state university stillwater ok 74078 usa tel : 1 405 744 9474 fax : 1 405 744 6326 email : ncx @ rs . ucc . okstate . edu
",0
qs : syllabus for english linguistics,"i will be teaching a year-long course entitled english linguistics this next year . most linguistics texts take an international approach - - does anyone know of a text which focuses almost exclusively on the english language ? thanks in advance . sandi m . de oliveira u . of evora - portugal sandi @ evunix . uevora . pt
",0
summer opportunities,"hey ! does anyone know of any linguistic-related summer opportunities out there for a college undergraduate ? i ' m interested in something like an anthropological linguistics ( linguistic anthropology , whatever your preference ) program , working on a research project , etc . any ideas ? thanks ! rachel a . lavin rlavin @ emory . edu
",0
qs,"re phonetics lab for mac or pc we would like to know what the market is for phonetics labs for the macintosh . we have an old fashioned lab with sonagraph , pitch meter and other acoustic instruments , but would like to get more up-to - date equipment . in particular we would like to hear from researchers who have used soundscope or other programs . in our faculty we mostly use macs , but if any of you know of an excellent pc - program we would like to know about it . thanks . kirsten gregersen department of applied linguistics odense university , denmark e-mail : kgr @ language . ou . dk kirsten gregersen institut for sprog og kommunikation , odense universitet , campusvej 55 , 5230 odense m tlf . : 6615 8600 , lokal 3409 , direkte valg : 6615 8696 - 3409 e - mail : kgr @ language . ou . dk , telefax : 6593 2483
",0
seeking langacker reference,"in a paper by ronald langacker entitled ' the symbolic nature of cognitive grammar : the meaning of _ of _ and of _ of _ - periphrasis ' ( in martin puetz ( ed ) 1992 _ thirty years of linguistic evolution _ . philadelphia : benjamins ) there is a reference to the following : langacker , r . w . [ 1992 ] [ to appear ] . possession and possessive constructions . i have not been able to find this item . can anyone tell me more about it ( such as , for example , has it appeared yet , and if so , where ) ? - dave scarratt davids @ cse . unsw . edu . au
",0
awali,"is there anyone who can tell me which is the language of the following song ( by pierre bensusan ) , and what is the meaning of this text ? awali , aale ' fa nie say aie faali , ai laa-o fane ' oue ' awaali , whode ' - d ' mma doho manoo-ho amaani nemma fid ' n so . awali . ale oma fin ' way amma ma ma ne vo ^ fa wo ^ f ' ma neh s ' t ' beie a fee , o - o-oui la ^ ma-ne ' - sai o ma-meh fa ^ me ^ ness kin 'd ' way e na fane ' o ^ fa tchi ' kengue ' in the complete version of this song , each paragraph is preceded and followed by paragraphs in french . frank van der leeuw university of amsterdam / holland institute of generative linguistics department of linguistics spuistraat 210 1012 vt amsterdam
",0
palatal on-glides,"does anyone know of any language ( s ) with more than one type of unrounded palatal on-glide between consonant and vowel , e . g . , [ i ] vs [ j ] vs [ ji ] as in [ kan ] vs [ kian ] vs [ kjan ] vs [ kjian ] the reason for my asking is because middle chinese is often assumed to have such a four-way contrast - - i personally do not think such a contrast is possible , but i 'd like to check with people working with other language families before i jump to any conclusions . by the way , the notation in square brackets is phonetic , rather than phonemic ; so interpreting the [ kj ] sequence as a palatal affricate will not do . wenchao
",0
looking for horn 's negation book,"i need to find a copy of laurence horn 's ( 1989 ) book entitled _ a natural history of negation _ ( univ . of chicago press ) . the publisher tells me that the paperback edition went out of print in february 1995 and the hard cover edition before that . if anyone can tell me where to find a copy of the book for sale , i 'd appreciate it tremendously . i ' m willing to buy new or used , hard cover or paperback . ( the book is essential for my thesis . ) thank you for any assitance . please respond to : michael beard 73131 . 3101 @ compuserve . com
",0
q ? french aspect,"my question arises from olsen 's 1994 diss on tense-aspect . it is standardly assumed that , e . g . , aimait is both past and imperfect * combined * . but i wonder about its synchronic status in spoken french . it seems to me that you have a simple past / nonpast contrast over three constructions : simple stem ; aux "" have "" + participle ; and infinitives with enclitic "" have "" , thus proportionately : aim-e : aim-ait : : a aime ' : av-ait aime ' : : aim-er - a : aim-er - ait if this analysis is correct for french , would it not be better to assume aimait is the "" simple past tense "" ? ? ? ? ? ? ? ? ? why not let the aspect come "" for free "" as a "" default "" interpretation . just musing .
",0
re : help with spanish translation,"i am translating a paper of mine into spanish for submission to the upcoming international conference on activity theory ( vygotsky ) to be held in havana . while i am an experienced english / spanish translator , my knowledge of spanish ed / psych terminology is very limited . if anyone is able to help me with any of the following "" demons "" i 'd really appreciate it . thanks , pete farruggio * * * * * * * * * * * * * * * * * * * * * * * * * * * * * * * * * * * * * * * * * * * * * * * * * * * * * * * * * * * * * * * * * * * * * * * * * * * research - ( as in "" the research has shown . . . "" [ i think this is called a collective noun ] i ' ve been using "" las investigaciones "" any better ideas ? developmentalism - "" desarollismo "" ? sequenced skills - "" destrezas consecuentes "" ? sight vocabulario - "" vocabulario automatico "" ? curriculum - "" curriculum "" ? ( there are some instances where i need it as an adjective , as in "" curriculum guidelines "" ) child-centered - ( adjective ) . . . a child-centered classroom - "" un salon organizado segun los intereses juveniles "" ? ? ? tutee - "" tutelado "" ? tutoring - ( adj ) as in "" tutoring activity "" . . . "" actividad tutoreal "" ? partnerships - as in "" class partnerships "" - "" emparejamientos entre clases "" ? dyad - "" el diada "" , "" la diada "" or - - - ? dyad - ( adj ) as in "" dyad activity "" - "" actividad diadica [ ' on first a ] "" ?
",0
"collocations of the french "" rapide "" ( fwd )","i am doing a study of the use and meaning of the adjective "" rapide "" in french , with particular emphasis on its collocations , for exemple : pas rapides , mouvement rapide , geste rapide , coup d ' oeil rapide . i am trying to locate references on the semantic and distributional analysis of ' rapide ' . any suggestions about how to locate references in this area would be greatly appreciated . i have already checked in the mla , llba and in the bulletin analytique de la linguistique francaise . many thanks for any help . tatjana janicijevic tatjana @ unixg . ubc . ca
",0
sumiko 's ad,"* * * * * hello , i ' m sumiko from san francisco , california and have just joined always - friends a few days ago . i 'd love to meet a nice man . please see my ad : http : / / 209 . 196 . 132 . 204 / sumiko . htm and if you are a single woman like me who wishes to have a own personal ad , simply contact the always - friends at : ads @ always-friends . org _ _ _ _ _ _ _ _ _ _ _ _ _ _ _ _ sincerely yours , sumiko b .
",1
tree macros for latex,"i wonder which tex / latex macros linguists use to draw tree structures . i tried tree . sty which was written by edward m . reingold and nachum dershowitz and uses the pictex macros . it works fine but does not do kerning , which means that tree nodes are arranged geometrically as in a ) , not as in b ) , for example ( note the position of the topic node ) : a ) b ) ip ip / \ / \ topic i ' topic i ' / \ / \ fp i + v fp i + v / \ / \ f ' focus f ' focus / \ / \ aspp f aspp f ( example taken from a handout paper by miriam butt and tracy holloway king ) is there a tree macro that draws trees like in b ) ? thanks for your help , i ' ll post the results . karl - michael schneider department of general linguistics university of passau , germany
",0
psoriasis - clear it up now ! !,"if you , a friend or , a relative suffer from the embarrassment of psoriasis , this site may be of interest to you . http : / / 209 . 117 . 58 . 11 / psoriasis if not , we apologize for any intrusion .
",1
maya / mayan language,"i ' m looking for information on the maya / mayan language : descriptive as well as historical . references are also needed . thank you . kalaya tingsabadh department of linguistics faculty of arts chulalongkorn university bangkok 10330 , thailand kalaya @ chulkn . car . chula . ac . th
",0
kroch 's constant rate hypothesis,"content - length : 1953 kroch 1989 argues that syntactic change progresses at the same rate in all contexts ( using ellegard 's 1953 data on auxiliary do ) - a challenge to the notion that changes diffuse . this is obviously an important claim , and kroch 's methodology - matching theoretical syntax with ( to me ) high-level stats - also seems an important advance for historical linguistics . * however * - ogura 1993 is a direct challenge to kroch , re-using the ellegard data and the same statistical method , but claiming that the data actually shows the opposite of what kroch claims : i . e . that the change in auxiliary do use * differs * in rate between contexts . i ' m working on auxiliary do within a more variationist model , and i ' m just not up to judging who is right in this argument : can a more stats literate person help , or is there a reply by kroch i ' m not aware of ? anthony kroch , 1989 , ` reflexes of grammar in patterns of language change ' , language variation and change 1 , pp . 199-244 mieko ogura , 1993 , ` the development of periphrastic do in english ' , diachronica , x . 1 , pp 51-85 jonathan hope ( j . r . hope @ leeds . uk . ac ) school of english university of leeds uk
",0
antipassive and reflexive,"some time ago , i posted a question asking whether people knew of languages that had both a reflexive morpheme ( attached to v ) and an antipassive morpheme ( attached to v ) , where the two were different . i received three replies which are included below in abbreviated form . i thank those who responded for their help : angela terrill , mike darnell , and suzanne kemmer * * * * * * * * * * * * * * * * * * * * * * * * * * * * * * * * * * * * * * * * * * * * * * * * * * * * * * * * * * * * * * * * * * * * * * * * * there are thirteen or so australian languages which have antipassives ( all pama - nyungan ) . of these , most use the same morphology as their reflexives . some languages have antipassive verbal morphology but no reflexive morphology . but the languages which have separate explicit verbal morphology for reflexives and antipassives are , including sources : * dyirbal ( around cairns ) marks antipassive with - ngay - . reflexive is rriy ~ yirriy ~ marriy ~ ( m ) barriy . dixon ( 1972 ) the dyirbal language of north queensland ( cambridge : cup ) * warungu ( west of dyirbal , not closely related ) has antipassive - gali - and reflexive - li - . probably historically related . t . tsunoda ( 1974 ) ' a grammar of the warungu language ' monash university ma thesis * kalkatungu ( western queensland ) has antipassive - yi - and reflexive - ti - . maybe historically related . b . j . blake ( 1979 ) a kalkatungu grammar ( canberra : pacific linguistics ) the proto - pama - nyungan ( and maybe proto - australian ? ) reflexive form is something like * - dhi - rri - , where dh is a laminal stop , either lamino-palatal or lamino-dental . the overwhelming majority of reflexive ( and antipassive ) markers in pama - nyungan languages are reflexes of this . the warungu and kalkatungu antipassive forms given above are probably reflexes of this also , but the dyirbal form definitely is n't ( although , interestingly , it is cognate with an applicative form in nearby yidiny ( dixon 1977 ) . * * * * * * * * * * * * * * * * * * * * * * * * * * * * * * * * * * * * * * * * * * * * * * * * * * * * * * * * * * * * * * * * * * * * * * * * * does this work for you ? lix-t - 0 - as ta sitn put . dowm-trans - 3sgo - 3sga art basket he / she put down the basket . lix-m - 0 t-ta sitn put . down-intrans - 3sgs oblique case-art basket he / she put down the basket . now admittedly there are some complexities to this situation . some salish anists ( the examples from squamish , british columbia ) dispute the antipassive analysis in the second example , but putting that aside payaq-t - sut prepare-trans - reflexive he / she prepared himself / herself . this seems to fit your requirements , but i have a question . could the morpheme in your example , and perhaps in the case of others that you mention in passing , be a middle voice marker rather than reflexive . again , from squamish suk ' w-um ( the - um here is identical to the - m above ) bathe-intrans he / she bathes ( only himself or herself , a transitive reading requires the - - t , you saw above ) whatever the case with the examples that you ' ve seen squamish seems to have a morpheme for antipassive and middle , with a separate one for reflexive . * * * * * * * * * * * * * * * * * * * * * * * * * * * * * * * * * * * * * * * * * * * * * * * * * * * * * * * * * * * * * * * * * * * * * * * * * a number of philippine languages have an antipassive that consists in detransitivizing the verb with a prefix and stripping the object of its 'd eterminer ' ( which marks case ) and other modifiers . the reflexive marker , on the other hand , is a completely different morpheme . kapampangan is a language of this type . another case , i would suggest , is languages whose former reflexive marker now codes antipassive , but which in the meantime have innovated a new reflexive marker . russian uses the suffix ' - sja ' on the verb ' bite ' to mean ' the dog bites ' ( generically ) and similar cases . but - sja is not the reflexive marker in russian . sebja is the productive reflexive marker . - sja does occur on verbs like ' wash ' , but these are not reflexive verbs - - languages tend to mark them differently from reflexives . my book "" the middle voice "" draws the reflexive-middle distinction and documents it from many languages . jeff lidz university of delaware office : ( 302 ) 831-6489 department of linguistics home : ( 302 ) 656-1902 46 e . delaware ave . email : jlidz @ brahms . udel . edu newark , de 19716
",0
please read .,"payless typing service 1624 n . robberson springfield , mo 65803 ( 417 ) 865-7096 moongoddess @ wwn . net to whom it may concern , friday , may 1 , 1998 greetings ! my name is vania . i have recently started a home typing service . i am writing this letter not only to introduce myself , but to offer my services in the above area as well . included in this area of business are the following : typing / mailing , data entry , records / bookkeeping , billing , and various other services depending on you ' re individual needs . i am anxious to get started so please do n't hesitate to contact me . sincerely , vania juarez
",1
bulgarian summer classes in u . s . a .,"content - length : 1170 a colleague is interested in where intermediate bulgarian language classes might be offered this summer . first preference would be at a location in the united states . please reply directly to me : bret parker bparker @ uop . edu university of the pacific stockton , california 209-946 - 2029
",0
re : 6 . 185 ipa,"i am of the opinion that the arabic linguistic society of america should also be part of this discussion ( that is , if democracy is to prevail ) . it is a growi growing organization with an impressive membership list and publications . aleya rouchdy
",0
elsnet,"how to get on elsnet ? thanks
",0
obituary of zhou1 zu3 - mo2,"zhou zumo ( zhou1 zu3 - mo2 ) the noted chinese scholar zhou1 zu3 - mo2 died in a peking hospital on 14 january , 1995 . he was 80 years old . a professor at peking university and a native of peking , prof . zhou1 zu3 - mo2 was one of the world 's greatest experts on the written sources for chinese historical phonology . his principal works are the _ wen4 - xue2 ji2 _ [ the "" inquiring into learning "" collection ] , which contains his most important philological essays , and an annotated edition ( with thorough textual collation ) of the _ guang3 - yun4 _ , the main written source for chinese historical phonology . prof . zhou1 's edition of the _ guang3 - yun4 _ is now the standard .
",0
re : 6 . 185 ipa,"i agree with stemberger : it is embarrassing to stand up in front of an intro class and tell them that the most objective end of our discipline lacks a single coding system . and while we ' re at it , why do n't we start spelling ' fonetics ' like it sounds . bob wachal
",0
re : 6 . 137 ipa,"i did n't follow this discussion , but my reaction is : ' altus ' only means its own opposite when translated into english ( or other languages ) . ' altus ' means ) altus ( , full stop . it 's more a property of the sea ( cf . german ' auf hoher see ' ) that it is ' high ' and 'd eep ' at the same time , depending on perspective ; latin choses to use the same expression for both perspectives . hartmut haberland
",0
linguistic impact of the internet,"i am very interested in studying the linguistic impact of the internet . however , i have not been able to locate a phd program or professor that shares my interest . i have also found it difficult to locate any published materials on the topic ( besides the occasional ny times article ) . i ' m hoping for some direction . bill miller br00293 @ bingsuns . cc . binghamton . edu
",0
re : 6 . 137 ipa,"hac ( h ) ek = little hook . is n't the reason why so many "" amerricanists "" used the hac ( h ) ek , especially for the two major affricates in english , related to the fact that these affricates in english function not as two things but as one thing ? now i am a bit confused , because i had usually used the word "" wedge "" for the diacritic above the "" c "" and the "" j "" - not "" hacek . "" also , if "" hacek "" means "" little hook "" as defined in pullum and ladusaw ( p . 29 ) , is n't it better related to the cedilla , which to me looks more like a little hook than the wedge ? ? ? diacritic mania ! hugh buckingham
",0
"re : 6 . 1119 , disc : kinship terms , re : 1113","re steven straight 's comments , the brevity of son cannot be the sole factor involved , since dad and mom pattern with father and mother , while son is different ( it is not used as a true vocative but is used as the usually-postposed "" bonding "" form ) , and brother is different still , since it is not used in either way . moreover , the contrast between the - er terms and the - er-less son directly reflects the proto - indo - european * p @ te : r , * ma : te : r , * bhra : te : r , etc . , but * su : nus ( @ = schwa ) . alexis manaster ramer
",0
english parser / tagger,"i ' m looking for a good lemmatizer for english and / or a lemmatized corpus . any hints ? thanks in advance . marc
",0
"re : 6 . 1110 , disc : kinship terms , re : 1100 , 1108","david silva writes : > in writing about the lack of a single syllable vocative for "" brother "" ( a la > mom , dad , and sis ) , allan c wechsler notes that perhaps the bve term "" bro "" is > something to consider . well beyond the domain of black vernacular english , "" bro "" was certainly current , in fact required , for addressing a brother , either elder or younger ( i have both ) when i was at ' prep ' and ' public ' schools ( i . e . private schools ) in s . e . england in the 1960s . it could also be used attributively , e . g . "" my bro says . . . "" it felt equivalent to the practice , in respect of all the other boys , of addressing them by their surnames , ( a practice which was also standard at these schools until puberty ) . so it was definitely a form of address acquired outside the family . i have n't heard it , or used it , since . i ' ve never used "" sis "" to or of my sister ; "" sissie "" ( cissie ? ) was always been a term used to insult a boy who seemed insufficiently tough : e . g . "" oh you cissie ! "" apparently my granduncles called my grandmother affectionately "" sis ( sie ) "" in the 1900s . ( here , though , the situation was complicated by the fact that her given name was christine , which they seemed to think shortened to cis . ) marginal uses , only , it seems . nicholas ostler linguacubun ltd 17 oakley road london n1 3ll + 44-171 - 704-1481 nostler @ chibcha . demon . co . uk
",0
re : kinship terms,"fwiw , i believe i ' ve heard "" bro "" in hawai ' ian pidgin in the early ' 70s . i would assume it has an independent origin there . it seemed like to be primarily used to refer to those of one 's own racial / ethnic group ( not necessarily kin ) , but could be extended to include even haoles ( like me ) .
",0
chess - endgame ( fwd ),"thanks to everyone who responded concerning the names for chess . apparently both are acceptable . for the royal game i found a reference in the britanica , and sara friedman cited another one from stefan zweig . for the game of kings there were also literary references , and wide familiarity , so this usage is correct as well . uri bruck bruck @ actcom . co . il
",0
"re : 6 . 1086 , disc : uniformitarianism , re : 1080","omitted from alexis 's summary on uniformitatrianism is the note that it was promulgated , or at least popularized , about 1800 by the geologist charles lyell ; it was necessary as a counter to the "" catastrophism "" that explained observable geological phenomena in a way consisten t with the ibiblical cacccount of creation . lyell was enormously influential on darwin , who took the book with him on the beagle in the latge 1830s and formulated his first important explanations , e . g . of the formation of coral atolls , in uniformitarian rather tan catastrophistic terms .
",0
"re : 6 . 1143 , disc : kinship terms","i am not qualified to speak about english in general , but i have observed that some of the argument is based on statements that are not universally true . i do n't know the source of the usage , but in my family we call children by the same type of term about equally . that is , i am as likely to yell "" daughter , you have a phone call "" as "" son , get down the stairs and do the dishes "" . similarly , i use both terms to indicate closeness : "" nice job , son "" , "" good one , daughter ! "" . my husband has ( i think ) picked it up from me , but my brother 's family does this too . carolyn ostrander clostran @ mailbox . syr . edu
",0
sum : urdu materials in us,"dear linguists , some months ago i wrote to ask about materials for learning urdu ( audio materials in particular ) . i recieved several helpful responses . sanjaya hettihewa ( sanjaya @ wam . umd . edu ) recommended calling the international language center in washington , d . c . in addition to dictionaries , the center has _ an introduction to hindi and urdu _ for $ 29 . 95 and _ urdu for english speakers _ for $ 14 . 00 . however , no audio tapes are available . you can reach the center at ( 202 ) 332-2894 . greg thomson ( gthomson @ gpu . srv . ualberta . ca ) suggested contacting audio forum at ( 203 ) 225-5400 , which does indeed have audio tapes . a set of nine tapes and the accompanying textbook can be bought for $ 185 plus shipping charges . audio forum also offers a free catalogue . i would like to thank sandy cash ( leon @ gibbs . oit . unc . edu ) and aa khan ( aak2 @ unix . york . ac . uk ) for the further advice they gave . all prices given above are in united states dollars . thank you all ! melia m . e . brush ememb @ alpha . pr1 . k12 . co . us
",0
s . hattori dies,"this is the english version of the official announcement released for the japanese press on the afternoon of february 1 , 1995 . - - kazuto matsumura january 31 , 1995 it is with great sorrow and regret that , on behalf of his family , we have to inform you that our respected teacher , the linguist dr . shiro hattori , member of the japan academy , passed away , at the age of eighty-six at 0 : 03 o ' clock , january 29th , 1995 , after a long illness . we would like to inform his friends that the funeral will take place at the sennichidai kaido ( 19 minami - motomachi , shinjuku - ku , tokyo , japan 160 ; tel 3-3353 - 4541 , fax 3-3360 - 6714 ) , at 13 : 00 o ' clock , february 16 . the service will be non-denominational . we would be grateful if you could pray with us that his soul may rest in peace . sincerely yours , hajime kitamura , the chairman funeral service committee
",0
re : 6 . 139 words that are their own opposites,"then there is the curious case of the word "" yet "" , which , as far as i know , formerly meant almost the same as german "" noch "" , but has shifted , through "" not yet "" , esp . in questions , to german "" schon "" . but here in toledo there are people ( my wife ) , who uze it in both meanings - - the syntax alone shows which .
",0
child language,"i ' m a researcher of child language from finland currently involved in a longitudinal research project . i wonder if anyone could give me advice on the latest research which deals with the phonological / morphological "" word "" structure of 2 year old children . i ' m also interested if anyone has experience in imitation tasks with 18 month old children ? i 'd be grateful for any advice ulla richardson university of jyvaskyla finland e-mail : ulanri @ jyu . fi
",0
,"semantics 1 ) p . m . bertinetto , v . bianchi , j . higginbotham , m . squartini ( eds . ) : temporal reference , aspect , and actionality . vol . 1 : semantic and syntactic perspectives . pb : 250pp . ; approx . usd 30 ; rosenberg & sellier ( via andrea doria 14 , i-10123 torino , credit card accepted ) actionality : p . m . bertinetto & m . squartini , l . j . brinton , i . depraetere , j - p . descles & z . guentcheva , e . ; semantics and syntax : a . bonomi , g . chierchia , d . delfitto & pm . bertinetto , a . lenci , j . pustejovsky & f . busa , a . sanfilippo , h . verkuyl ; discourse relations : r . boogaart , w . castelnovo , w . castelnovo & r . vogel , v . lo cascio , c . vet ; syntax & semantics : v . bianchi , m . squartini , pm . bertinetto , l . dini , a . giorgi & f . pianesi , j . nunes & e . thompson , t . stowell , k . zagona . 2 ) p . m . bertinetto , v . bianchi , o . dahl , m . squartini ( eds . ) : temporal reference , aspect , and actionality . vol . 2 : typological perspectives . pb : 250 pp . ; approx . usd 30 ; rosenberg & sellier ( via andrea doria 14 , i-10123 torino , credit card accepted ) general issues : o . dahl , c . de groot , r . thieroff & m . budde ; the interrelationship of aspect and actionality : c . bache , l . gebert , j . lindstedt , c . s . smith , h . tommola ; the progressive : o . heinamaki , e . konig , h . metslang , k . h . ebert ; the perfects : j . boulle , f . fici giusti , t . a . j . m . janssen , a . mittwoch ; tense & beyond : a . aksu koc , a . giacalone ramat . for more informations : bertinet @ sns . it
",0
a new multidisciplinary periodical : call for comments,"a new multidisciplinary periodical : call for comments * * * * * * * * * * * * * * * * * * * * * * * * * * * * * * * * * * * * * * * * * * * * * * * * * * * * * the following document presents the broad outlines of a new publication currently being developed by the centre national d ' art et de culture georges - pompidou , paris ( france ) . it is also available on our new www server , at url http : / / www . cnac-gp . fr . we are informing internet users of this project so as to generate a discussion and so that your ideas and comments can be used to modify and enrich our plans . for more detailed information on the project , please refer to the full french version ( available here in a few days ) . you will also find a questionnaire to help us know the people interested in this publication . - - daniel soutif directeur du departement du developpement culturel
",0
re : 6 . 389 sum : history of capitalisation in english,"i believe that at one time all nouns were capped in english as they still are in german . you may find something of interest in my paper on the capping of ethnic names in the just published centennial usage studies , pads . as i recall , nunberg tries to map out a descriptive theory of punctuation and says little if anything about caps ( almost no one says anything about them but there are a few works reference in th bibliography to my article . bob wachal
",0
news from the ippe ( 08 mar 95 ),"= = = = = = = = = = = = = = = = = = = = = = = = = = = = = = news from the ippe - - 7 mar 95 = = = = = = = = = = = = = = = = = = = = = = = = = = = = = = - - - - - - - - - - - - - - - - - - - - - - - - - - - - - - - - world wide web access redesigned - - - - - - - - - - - - - - - - - - - - - - - - - - - - - - - - in support of the mission of the international philosophical preprint exchange to facilitate the exchange of working papers between philosophers world-wide , carolyn burke of the ippe has recently redesigned our world wide web access , making it much easier to use , and enabling philosophers to locate papers of interest to them in the ippe 's collection with greater ease than ever before . the ippe 's world wide web service supplements the previous methods of access via gopher , ftp , and automated email ( see the end of this newsletter for details on all these access methods ) . the ippe 's www service is available by opening the url http : / / phil-preprints . l . chiba-u . ac . jp / ippe . html using netscape , mosaic , lynx , or any other www browser ( we recommend netscape ) . - - - - - - - - - - - - - status report - - - - - - - - - - - - - the ippe continues to enjoy a rate of access of over 100 users per day at our main site in japan . additional accesses to the many north american and european sites mirroring the ippe collection probably greatly exceed this number , but are difficult to quantify . in addition , the rate of submissions to the ippe has climbed steeply in recent weeks . we are delighted by this trend , and encourage all philosophers to submit their manuscripts to the ippe in order to benefit from the commentary of their peers . - - - - - - - - - - - - - - - - - - - call for volunteers - - - - - - - - - - - - - - - - - - - the ippe seeks motivated and enthuiastic volunteers to assist in the areas of administration , publicity , and technical support . we especially seek persons able to carry out some or all of the following tasks : - liason with the ippe 's international user population of professional philosophers , graduate students , the editorial staffs of philosophical journals , and the staffs of other on-line projects in the humanities and social sciences - editorial work on the newsletter and publicity materials - administrative activities ( regarding funding , etc . ) - computer support work : unix and cgi scripting and related activities . - - - - - - - - - - - - - - the ippe staff - - - - - - - - - - - - - - coordinators : dr . syun tutiya ( chiba university ) and dr . richard reiner ( visiting in ' 95 at the center for philosophy of science , university of pittsburgh ) . adminstrator : carolyn l burke ( cmu ) . board members : dr . george gale ( university of missouri , kansas city ) , andrew burday ( mcgill university ) , istvan berkeley ( university of alberta ) , stephen rice ( york university ) . - - - - - - - - - - - - - - - - - - accessing the ippe - - - - - - - - - - - - - - - - - - to access the ippe , proceed as follows : by www : open the url http : / / phil-preprints . l . chiba-u . ac . jp / ippe . html by gopher : use gopher to go to either apa . oxy . edu or kasey . umkc . edu by ftp : ftp to either phil - preprints . l . chiba - u . ac . jp , or mrcnext . cso . uiuc . edu by email : mail to phil-preprints - service @ phil - preprints . l . chiba - u . ac . jp to place a paper or comment on the ippe : see pub / submissions / readme . if you have questions : send mail to carolyn burke at the address ( cburke @ nexus . yorku . ca ) .
",0
affricates - - one segment or two,"the recent query and summary by larry trask on german affricates makes me think of the fact that , unless i am mistaken , it is perfectly easy to hear the difference between one - and two-segment stop-fricative sequences at least in some cases . polish has a contrast of this sort at least in initial position , where the words spelled _ trzy _ and _ czy _ differ only in that the former has a cluster , the second an affricate . also , if you compare the english way of saying _ ts _ with the german way of saying _ z _ ( or the polish or the yiddish , etc . ) , there is an audible difference . most english speakers ' rendition of _ matzah _ ( or _ matzoh _ ) for example sounds quite different from the yiddish or polish , but ( and this is also very suggestive ) i have found a few am . engl . speakers ( not all of them jewish , by the way ) who have the affricate , i . e . , one-segment / ts / in this and perhaps some other yiddish borrowings but the two segment / t / + / s / otherwise , so that these speakers do not rhyme _ matzah _ and _ lots o ( f ) _ , whereas most speakers do . finally , i think some speakers have a one-segment / ts / in hit ya , but a two-segment / t / + / s / in hits ya , although most speakers i have asked refuse to admit anything but the nonpalatalized , non-affricated pronunciation in the second case . alexis mr
",0
"jeonju university , chonju , s . korea","our language learning center is looking for an english native speaker to teach english conversation to undergraduate students in my university . thus , plese advertise the following to the linguist if it is possible ; we are looking for english native speakers to teach english conversation in jeonju university , chonju , s . korea . qualifications : i ) english native speaker ii ) m . a . in english , linguistics , els , education is preferrable . duty : teach 15 hours / week extra teaching will be paid by $ 20 . 00 / every hour payment : 1 , 200 , 000 korean won / month ( $ 1 , 500 ) provide free apartment and office 1 - 4 week break between 7 week programs korean government medical insureance is provided . if you need air-fare , we will provide it in advance , then you can re-pay the amount by monthly payment . please send your resume by fax : 011-82 - 652-220 - 2464 ( please write my name and center on you fax ) or send e - mail to : byang @ chonbuknms . chonbuk . ac . kr please feel free to ask me . byong - seon yang , vice - director , langauge education center jeonju university , chonju , s . korea .
",0
sum / qs : first names,"content - length : 2926 from wilma elsing , snail-mail elsingw @ jet . let . vu . nl dear linguist - ers ! about a week ago , i sent a query to the list , asking people to help me with the first names of authors which are mentioned in one of the papers in the book on sla research my supervisor ( prof . dr . peter jordens ) is editing . thanks everyone who took the time to respond to my query ! ( untill today i . e . bill croft , geert verleyen , shanley allen , larry trask , julia s . falk , bernd moebius , brian joseph , alice faber , peter j . bailey , stefanie jannedy , james j . jenkins , udo fries , steve harlow , michael job ) most of the ' blanks ' are filled in by now : bailey , peter cherry , e ( dward ) colin cruse , d ( avid ) alan siqueland , einar r . vigorito , james syrdal - lasky , ann polka , linda roach , daniel sendlmeier , una m . zlatin , marsha koenigsknecht , roy there are only four ' problems ' left ; we would be grateful if anyone could help us 's olve ' them ! ( if you know one or more names , please respond directly to me : elsingw @ jet . let . vu . nl ) these are the names we are still looking for : missler , r . missler , r . ( 1986 ) , "" analytic and synthetic cognitive functioning : a critical review of evidence bearing on field dependence "" , journal of research in personality 20 : 1-33 . rounds , p . l . burmeister , hartmut & p . l . rounds ( eds ) ( 1990 ) , proceedings of the 10th meeting of the second language research forum , i . eugene , or : department of linguistics and american english institute , university of oregon . doron , s . doron , s . ( 1973 ) , reflectivity - impulsivity and their influence on reading for adult students of esl [ unpublished paper , university of michigan , ann arbor kachroo , j . n . kachroo , j . n . ( 1962 ) , "" report on an investigation into the teaching of vocabulary in the first year of english "" , bulletin of he central institute of english 2 : 67-72 . there are two more questions i would like to ask : * does anybody know whether the following book has already appeared ? strange , winifred ( in press ) , speech perception and linguistic experience : theoretical and methodological issues in cross - language speech research . timonium , md : york press . * we do n't have the following book in the libraries , therefor we are not able to find the page-numbers of the following article : rizzi , luigi ( 1978 ) , "" violation of the wh-island constraint in italian and the subjacency condition "" in : colette dubuisson , david lightfoot , yves charles morin ( eds ) ( 1978 ) , montreal working papers in linguistics ii . montreal : l ' association linguistique de montreal , canada , p . . . . - . . . . thanks again for your help ! wilma elsing ~ ~ ~ ~ ~ ~ ~ ~ ~ ~ ~ ~ ~ ~ ~ ~ drs . wilma elsing free university dept . of applied linguistics de boelelaan 1105 1081 hv amsterdam tel . : + 31 20 4446410 mail : elsingw @ jet . let . vu . nl ~ ~ ~ ~ ~ ~ ~ ~ ~ ~ ~ ~ ~ ~ ~ ~
",0
the lanuage wayana,"i am in very interested in getting hold of any dictionaries , lexicons , or any other material on the wayana language . i am not sure what language family wayana belongs to , but it is spoken among the amerindians in french guiana , suriname , and northeastern brazil . if anyone has any info . that would help me respond to : ebs3b @ virginia . edu . thank you in advance . erik seversen .
",0
materials to learn luganda,"i ' m inquiring for a somewhat linguistically savvy undergraduate who will be spending this june - november in kampala : what is there available in the way of books , a / v materials , courses , whatever for learning luganda ? thanks . george huttar huttar @ sil . org
",0
response to the linguist list query . . .,"several weeks ago , i submitted the following query to the the linguist list : ) do you know of any written description of soundex code and its rules ) i ' m writing a software program to help my wife decode surnames in her ) genealogical research . the only description i ' ve located to date is a ) summary leaving lots of unanswered questions . i received 12 responses , including two from australia and one from the uk . in total , they included the code for two c language programs , access to a third c function , a basic program and an offer of a pascal program , all which reputed to perform soundex translation . the origin of soundex was attributed to the 1880 us census as well as to odell and russel in 1920 . nearly all respondants referred to or paraphrased pages 391 through 392 of "" the art of computer programming , vol . 3 sorting and searching "" , donald knuth , addison wesley , 1973 for a description of the soundex algorithm . [ knuth attributed his description to 1918 and 1922 u . s . patents by margaret k . odell and robert c . russell . ] the respondants were : burns @ cyc . com goodr @ uxa . cso . uiuc . edu bill @ hivnet . ubc . ca evan . antworth @ sil . org goertzen @ rrnet . com ( included the code for soundex . bas , published in "" pc magazine 29 sep 92 , offer of a soundex routine in pascal , and direction to a c function metaphon ( ) "" which claims to correct flaws in the original soundex routine "" in the c gazette , june 1991 ) mis @ seiden . com ( included the code for two c language programs , one employing a table lookup , the other a switch statement ) macrakis @ osf . org ( included knuth 's references : us patents 1261167 ( 1918 ) , 1435663 ( 1922 ) ; j . acm 8 : 538 ( 1961 ) ; commun . acm 5 : 169 ( 1962 ) ; federal population censuses 1790-1890 ( national archives , 1971 ) , p 90 . sds5 @ ukc . ac . uk lojbab @ access . digex . net ( included a source for c code on the internet ) wasserman @ mary . fordham . edu jhs @ extro . ucc . su . oz . au mfw @ lexicon . oz . au thank you all for your interest and effort to respond .
",0
query on physical appearance of words,"content - length : 1535 we are a group of environmental scientists who have been pondering a question . has anyone done research on emotional responses to the * physical appearance * of words or groups of letters ? for example , ' toxic ' , 'd ioxin ' or the ' oxi ' combination . why do people have a fear of 'd ioxin ' but not ' furan ' ( another toxic chemical ) . obviously , some reaction is created by the media , but is there something else involved ? do certain combinations of letters ( e . g . ' oxi ' ) elicit an emotional response ? has anyone done research on this , or know of anyone involved with psycholinguistics or semiotics who might be familiar with this topic ? will summarize for list . thanks for any assistance . joyce lundstrom epidemiologist eti 600 stewart st , # 700 seattle , wa 98101 etilib @ halcyon . com
",0
request : written corpus of various genres,"i am looking for a public corpus of about 200 , 000 words containing current written texts of various genres . i need this for text analysis in an introduction to linguistics class i will be teaching this summer . could anyone help me ? i apologize for burdening the readers with this request . i have a feeling this topic was dealt with on this list before at a time it did not interest me . i would like a corpus that would be transferable via internet and one that my students and i could quote from freely in our research . thanks . ali = = = = = = = = = = = = = = = = = = = = = = = = = = = = = = = = = = = = = = = = = = = = = = = = = = = = = = = = = = = = = = = = = = = = = = = = = = = = = = ali - asghar aghbar , dept . of english , indiana u . of pa , indiana , pa 15705 bitnet : aaghbar @ iup internet : aaghbar @ grove . iup . edu phone : 412-357 2262
",0
summary : french course,"content - length : 2567 a few weeks ago i posted a request for information regarding textbooks for an undergraduate linguistics course on the structures of french . i 'd like to express my thanks to the people listed below for responding , and for all their very helpful suggestions : helene ossipov kristina harris k . heilenman lisa reed raphael salkie paul rowlett michael picone e . dean detrich hilary g sachs laurel watkins adee matan nelson rojas here 's a bibliography containing some of the possible textbooks . the first one listed ( battye & hintze ) was the most widely cited ; most people seemed pleased with it , but not everyone . several respondants said that there simply was no satisfactory textbook for such a course ( at least among books written in english ) . adrian battye & marie - anne hintze ( 1992 ) . the french language today . london : routledge . isbn 0-415 - 07814 - 8 ( pbk ) chiss , j . - l . , j . filliolet & d . maingeneau ( 1978 ) . linguistique francaise : initiation a la problematique structurale . paris : hachette . eluerd , roland ( 1984 ) . pour aborder la linguistique . paris : les editions esf . leon , p . , p . bhatt & r . baligand ( 1992 ) . structure du francais moderne . toronto : canadian scholar 's press . ager , dennis ( 1990 ) . sociolinguistics and comtemporary french . cambridge u . press . ( isbn : 0-521 - 39730 - 8 ( p ) ) walter , henriette ( 1994 ) . french inside and out . routledge . ( isbn : 0-415 - 07670 - 6 ) ( first published in french : le francais dans tous les sens , robert laffont . ) judge , anne and f . g . healey ( 1983 ) . a reference grammar of modern french . london : edward arnold . ( isbn : 0-7131 - 6453 - 0 ) grundstrom , allan w . ( 1983 ) . l ' analyse du francais . lanham : university press of america . ( isbn : 0-8191 - 3569 - 0 ) thanks once again to everyone who responded ! rich epstein ( epstein @ bend . ucsd . edu )
",0
five words in lots of languages,"content - length : 1883 dear wonderfully cooperative linguist readers , the reponse to my request for translations in lots of languages of the words : memory foot water sun fire was such that i now have 66 languages . i could do with lots more though , so if you can give me these words in a language which does n't appear in the list below , i 'd be grateful : maltese , moore , hungarian , gilbertese , salinan / hokan , fula , wolof , hawaiian , marshallese , bislama , fijian , tagalog , cantonese , southern min , mandarin , pitjantjatjara , bahasa , achumawi , chickusaw , modern western armenian , spanish , catalan , portuguese , arabic , upper sorbian , chechen , egyptian hieroglyphic , turkish , basque , lappish / sa ( a ) mi , norwegian , west frisian , danish , swahili , breton , irish , san miguel chimalapa zoque , classical greek , latin , albanian , bosnian , bulgarian , croatian , czech , eastern ( meadow ) mari , erzya mordvin , farsi , finnish , french , galician , modern greek , modern hebrew , italian , japanese , korean , nenets , occitan , polish , rumanian , russian , shoshoni , slovene , swedish , thai , welsh and many thanks again to all those who responded to my original request . paul rowlett
",0
"q : van lancker , automatic speech preprint","content - length : 1385 i would appreciate any leads on a paper by diana van lancker which was cited as a preprint but appears never to have been published ( as far as i can determine ) . victoria fromkin is mentioned as van lancker 's colleague . perhaps one of them or another helpful soul will be kind enough to fill me in on the paper 's fate . "" a hypothetical continuum of propositional and automatic speech modes and their properties "" by diana van lancker . cited on p . 13 in bolinger , d . ( 1976 ) . meaning and memory . forum linguisticum , 1 ( 1 ) , 1-14 . please reply directly . thank you . dave leech ucla , dept . of applied linguistics ihw1ihy @ mvs . oac . ucla . edu
",0
call for reviewers / new url for call site,"call @ chorus , < http : / / www-writing . berkeley . edu / chorus / call / index . html > ; , is a web-based resource offering detailed reviews of software and books targeted towards language students and instructors . we also feature demonstrations of the latest in cutting edge call demos , and a carefully selected index of call links to interesting and relevant sites on the web . we are currently inviting all those interested in reviewing computer assisted language learning software and / or books to submit a current resume with a cover letter detailing their background and experience with call as well as any specific language or regional interests that they might have . submissions should be made via email to the section editor , jim duber , < dub @ sirius . com > . please send all documents in one of the following text formats : ascii ( i . e . , email only ) , rich - text ( i . e . , rtf ) , word 6 or earlier , or pdf . feel free to contact me with any questions you might have on this . * * * * * * * * * * * * * * * * * * * * * * * * * * * * * * * * * * * * * * * * * * * * * * * * * * * * * * * * * * * * note : call @ chorus has just moved to our new sponsor : * * uc berkeley 's college writing programs * * we ' re newly designed , newly updated , new content too . * * our old site at http : / / www . chorus . cycor . ca / duber / * * will soon be phased out . * * * * * * * * * * * * * * * * * * * * * * * * * * * * * * * * * * * * * * * * * * * * * * * * * * * * * * * * * * * * best wishes , jim ~ ~ ~ ~ ~ ~ ~ ~ ~ ~ ~ ~ ~ ~ ~ ~ ~ ~ ~ ~ ~ ~ ~ ~ ~ ~ ~ ~ ~ ~ ~ ~ ~ ~ ~ ~ ~ ~ ~ ~ ~ ~ ~ ~ ~ ~ ~ ~ ~ ~ ~ ~ ~ ~ ~ ~ ~ ~ ~ ~ ~ ~ ~ ~ ~ ~ ~ ~ jim duber , editor c a l l @ c h o r u s dub @ sirius . com http : / / www-writing . berkeley . edu / chorus / call ~ ~ ~ ~ ~ ~ ~ ~ ~ ~ ~ ~ ~ ~ ~ ~ ~ ~ ~ ~ ~ ~ ~ ~ ~ ~ ~ ~ ~ ~ ~ ~ ~ ~ ~ ~ ~ ~ ~ ~ ~ ~ ~ ~ ~ ~ ~ ~ ~ ~ ~ ~ ~ ~ ~ ~ ~ ~ ~ ~ ~ ~ ~ ~ ~ ~ ~ ~",0
shanghaihua speakers wanted,"content - length : 967 i am looking for speakers of shanghaihua who would be willing to answer a short questionnaire about the uses of shanghaihua and putonghua in shanghai . please contact me at awilliam @ reed . edu thanks for any assistance , ashley williams
",0
south slavic phonology,"hi could anyone recommend a good fairly uncomplicated book on south slavic phonology and / or morphology ? i 'd appreciate it much . thanks , donald p . hussey boston college husseyd @ bcvms . bc . edu
",0
about e . h . tuttle ( sumary ),"some weeks ago i posted a query about e . h . tuttle . thanks to : pier marco bertinetto karl v . teeter julia s . falk jane edwards my best regards . here are the references i received : + edwin hotchkiss tuttle ( 1879 - ? ) : 1 ) autor of : _ dravidian developements _ , philadelphia : linguistic society of america , 1930 . 2 ) foundation member of the linsuitic society of america ( in 1925 ) . + e . h . tuttle and co . : publisher located in tokyo and vermont , specialized in books on japan . existed at least into 1960s . + e . h . tuttle was probably a e . f . tuttle 's ( professor in romance linguistic , ucla ) relative . xulio sousa department of galician language university of santiago de compostela galicia spain e-mail : fgxsousa @ uscmail . usc . es
",0
estuary english,"for the listserv a friend of mine who is not on the list has asked me to post a request for references or information on a variety of spoken british english called estuary english . if anybody can help , please send a reply to me directly and i will forward the messages . thanks a lot in advance . ana parrondo
",0
celtic languages learning conference,"content - length : 3830 the 1995 conference of the north american association for celtic language teachers : saturday , 25 march 1995 krieder hall san rafael building glendale community college 1500 n . verdugo road glendale , ca 91208 glendale is a suburb of l . a . and the college is accessible north from the 134 fwy or west of the 2 fwy . it 's about 45 minutes from lax . note that there is free parking behind the college near the corner of verdugo and mountain avenue . the proposed schedule reads as follows : 9 : 30am sign in , 10 : 00-12 presentations , 12 - 1pm lunch ( various restaurants are across the street from campus ; the cafeteria will be closed as this will be during spring break ) , 1 - 3 presentations , 4pm closing , 6pm executive committee meeting . naaclt ' 95 will prove to be a day full of thought provoking presentations and an excellent opportunity to meet with other celtic language teachers . the program presently stands as follows : student motivation through journal writing in modern irish roslyn blyn ( university of pennsylvania ) dialects , speech communities and applied linguistics : a realistic approach to the teaching of irish in non-irish speaking areas james j . duran ( loyola marymount university ) teacher certification and less commonly taught languages thomas w . ihde ( bergen community college ) medieval welsh in the mid-pacific : the worksheet as interactive kathryn klingebiel ( university of hawaii - manoa ) computing in irish john t . mccranie ( san francisco state university ) the world wide web for welsh : the world ' s largest welsh classroom mark nodine and briony williams irish language oral assessment test beth ellyn o'mullan ( rutgers university ) , liam guidry and breanda / n mac liam ( brookdale community college ) celtic "" mini-courses "" zev bar - lev ( san diego state university ) call with methodical explanations gearo / id o / ne / ill and annette mcelligott ( university of limerick ) marketing a second language : the case of the scottish gaelic learning revival in ontario kara smith ( university of western ontario ) video in the irish language classroom nancy stenson ( university of minnesota ) the conference pre-registration fees are : naaclt member $ 10 , non - member $ 15 , membership & conference $ 25 ( $ 20 for students ) . ( normal membership fee is $ 15 / yr , $ 10 / yr for students ) . after 1 march 1995 the conference fees will increase by $ 5 . all concerns should be addressed to john t . mccranie at the department of computer science , san francisco state university , 1600 holloway avenue , san francisco , ca 94132 or jtm @ futon . sfsu . edu . here are some local hotels . there are several near hollywood - burbank airport ( about 17 minutes away ) , among them ramada inn , 2900 north san fernanado road , burbank 818-843 - 5955 ; holiday inn , 150 e angeleno ave , burbank 818-841 - 4770 ; and travelodge , 112 n . hollywood way , burbank 818-845 - 2408 . a little closer ( about 10 minutes away ) and with fewer frills are astro motel , 326 e . colorado blvd , glendale 818-246 - 7401 ; econo lodge , 1437 e . colorado blvd , glendale 818-246 - 8367 ; and best western , 123 w colorado blvd , glendale , 818-247 - 0111 .
",0
discontinuous constituency,"i am currently reviewing literature on the subject of discontinuous constituency and would like to get my hands on work that : 1 ) discusses some of the larger theoretical issues at stake , and / or 2 ) uses the notion of discontinuous constituency to describe languages other than english ( e . g . , amy dahlstrom 's article on discontinuous constituents in fox ) . if anyone could point me towards some references , i would be greatly appreciative . sincerely , stuart robinson reed college
",0
canadian english,"hello , i would like to give my students at mcgill an assignment concerning geographical ( and social ) variation in canadian english . to do so , i should therefore build a short questionaire that will allow them to elicit words and pronuncations which are likely to vary depending on the social characteristics of their consultants . i would very much appreciate if my fellow linguists could provide me with good test items for that questionaire . thanks in advance . - - julie auger
",0
grants - in-aid available,"five $ 400 . 00 grants-in - aid are available from the text and academic authors association . you have to join to be eligible ( # 35 . 00 special for new members for first year ) . monies can be used to defray almost any expenses associated with academic writing ( including travel ) . deadline is march 30 and applications should include 1 ) brief description of work incl . background , objectives and methodology ( 3 pp max double spaced ) . 2 ) budget and completion schedule 3 ) cv . send to norma hood , taa , po box 535 , orange springs , fl 32182-0535 . 904 / 546-5419 . l . kathy heilenman dept . of french & italian u . of iowa , iowa city ia 52242 ( l-heilenman @ uiowa . edu )
",0
,"syntax marcus maia . the comprehension of object anaphora in brazilian portuguese . usc . 1994 . distributed by gsil publications , usc . this thesis examines the comprehension of the empty category and the third person lexical pronoun in object position in brazilian portuguese ( bp ) . experimental results show that the processing of bp overt and nonovert objects is consistent with the leading idea underlying the overt pronoun constraint ( opc ) proposed by montalbetti ( 84 ) . experiment 1 compares the processing of overt pronouns and empty categories in object position in bp in structures in which these anaphors are a - bound by a subject and in structures in which they are a - bar-bound by a topic . results from 48 bp speakers indicate reactivation of the antecedents only by topic-bound gaps and by subject-bound overt pronouns in experiment 2 , the difference between the coreferential vs . bound readings in bp is further investigated by comparing the possibility of the strict and sloppy readings for the overt pronoun and the gap in object position . based on these experimental results , we argue for the classification of the bp null object as an instance of a null epithet , an empty r - expression with pronominal properties . the experiments are also informative with relation to several theoretical psycholinguistic issues . for more information , please contact gsil publications gsil @ scf . usc . edu south asian langs pan-asiatic linguistics : proceedings of the third international symposium on language and linguistics . chulalongkorn university , bangkok , thailand . 8-10 january 1992 . 1482 pp . ( 3 vol . ) . us $ 53 . 00 ( cloth ) including postage by airmail . the set contains 118 papers presented at the symposium . the papers deal with languages spoken in every part of asia with emphasis on southeast asian languages . areas covered are phonetics , phonology , morphology , syntax , diachronic studies , sociolinguistics , language contact , typology , neurolinguistics , psycholinguistics , and natural language processing . available from wholesale department , university bookstore , chulalongkorn university , phyathai road , bangkok 10330 , thailand . ( bank draft or international money order only . )
",0
your sites,"after reading your internet page , i wondered if you would be interested = in the memorable alpha-numeric 0707 4 glasgow or 08700 scotland = telephone number , which will be easily remembered by your customers , in = a marketing campaign . if you are interested please call on 07000 750750 , = if not , i am very sorry for contacting you . = 20
",1
,"* * * * * * * * * * * * * * * * * * * * * * * * * * * * * * * * * * * * * * * * * * * * * * * * * * * * * * * * * * * * * * * * * * * * * * * * * * * * * * * ai review journal ai review journal ai review journal ai review journal ai rev * * * * * * * * * * * * * * * * * * * * * * * * * * * * * * * * * * * * * * * * * * * * * * * * * * * * * * * * * * * * * * * * * * * * * * * * * * * * * * * artificial intelligence review journal ( kluwer , the netherlands ) special volume on integration of natural language and vision processing 6 double-issues ai review ( 4 books in parallel ) journal : 1994 vol . 8 ( 2 - 3 ) : computational models 1995 vol . 8 ( 5 - 6 ) : more computational models vol . 9 ( 2 - 3 ) : intelligent multimedia vol . 9 ( 4 - 5 ) : theory ( to come ) grounding representations recent advances ( to come ) books : 1995 integration of natural language and vision processing ( vol . i ) : computational models integration of natural language and vision processing ( vol . ii ) : intelligent multimedia ( to come ) integration of natural language and vision processing ( vol . iii ) : theory and grounding representations integration of natural language and vision processing ( vol . iv ) : recent advances ( to come )
",0
etymo-dicts,"i ' m amazed and shocked that in his 2nd summary of etymological dictionaries , se rme 's again failed to mention under caucasian ( or anywhere else ) the incomparab le ( or is it incompatible ? ) : g . a . klimov . etimologicheskij slovar ' kartvel 's kix jazykov . 1964 . moskva : izdatel 's tvo akademii nauk cccp ( i mean sssr ) . [ etymological dictionary of the kartvelian languages - all four of them ! ]
",0
32 . linguistisches kolloquium kassel,"32nd colloquium of linguistics all fields of linguistics september 17-19 , 1997 university of kassel germany ab sofort koennen sie die neuesten informationen , darunter das aktuelle programm , termin - und adressenuebersichten sowie eine formularmaske zur anmeldung als passiver teilnehmer am kongress im www abrufen : http : / / www . uni-kassel . de / fb9 / sprachw / lk / welcome . htm
",0
spontaneous nasalisation,"i am presently working on constituing a bank of data on spontaneous vowel nasalisation . i need cases where vowels have been nasalised in a nasal-free context ( no nasal consonant in the immediate surroundings ) . i would be grateful if you could help me by sending any information on the subject . thank you , robert boivin r26670 @ er . uqam . ca
",0
digital recorders,"a couple of weeks before the break i posted a message asking for information about portable digital recorders for phonetic / phonological fieldwork . since a couple of people told me that they were interested in knowing the results of my inquiry , here is a summary of the replies : several people who replied to me recommended sony recorders , in particular the tcd-d7 or the tcd-d10 . i am told that these machines are somewhat expensive . it appears that there is a cheaper but still adequate machine produced by jvc : jvc xd - p1 pro bk . the sony mini disc portable recorder mz - 1 was also highly recommended . thank you to everyone who replied to me : maquela brizuela , rianne doeleman , hannes pirker , ingo plag , stephanie maietta and alex francis . ( sorry if i am forgetting someone 's name ) . jose ignacio hualde dept . of spanish , italian , and portuguese 4080 flb univ . of illinois , urbana , il 61801 jihualde @ ux1 . cso . uiuc . edu
",0
re : free phonesex ( 664 ) 410-4332,"dear sir / madam : due to our 1 year aniversary , we are giving you a free treat ! for the next month you can call the number below and have free phonesex ! the first two hours of any of your calls in the next month will be * * * * * absolutely free ! ! no questions asked ! * * * * * so pick up the phone and call ( 664 ) 410-4332 now ! our girls are hot , young , blond , horny and want to play with you now ! call ( 664 ) 410-4332 now ! !
",1
june 1995 boolean conference,"the legacy of george boole 28th - 30th june 1995 university college , cork ( ucc ) ( 150 years old anniversary ) ireland , eu conference : this conference will open at 9 . 30 a . m . on wednesday , 28th june and close at lunchtime on friday , 30th june . we are at present finalising the programme for the conference , and awaiting titles of presentations . boole : boolean logic is a logic originated by george boole ( 1815-1864 ) at university college cork ( ucc ) ( then queen 's university ) in ireland in 1854 . his motivation was to develop a logic of human intelligence . speakers : g . k . batchelor ( cambridge university ) robert l . devaney ( boston university ) keith devlin ( st . mary 's college of california ) ivor grattan - guinness ( middlesex university ) theodore hailperin ( lehigh university ) desmond machale ( ucc ) john mccarthy ( stanford university ) roger penrose ( oxford university ) there will be an afternoon tour to places of boolean interest , and there will be a conference dinner on the thursday night in the aula maxima . ( ir 25 per person ) . the conference fee will be $ 30 ( ir 20 pounds ) for early registration before the end of may , or $ 50 ( ir 30 pounds ) for registration in june . this fee includes opening reception , lectures and coffee breaks . accompanying persons ' fee will be $ 15 ( ir 10 pounds ) . professor jim bowen , dr . donal hurley , professor desmond machale , lucette murray - committee . contacts : the ucc150 office ( e-mail ucc150 @ iruccvax . ucc . ie ) or donal hurley ( e-mail djh @ iruccvax . ucc . ie ) flights : from * * manchester * * , leeds / bradford , liverpool , london and midlands ( england ) on carriers such as aer lingus , british midlands , ryanair some direct flights from the usa ( boston ) and the continent !
",0
re : toc,"dear colleague , i would like to send you the following announcement ( the publisher has no email connection ) . "" rivista di linguistica "" , volume 6 , issue 2 , 1994 on linguistic categorization 163 stefania giannini & romano lazzeroni , foreword 167 d . a . cruse , prototype theory and lexical relations 189 dirk geeraerts , classical definability and the monosemic bias 209 stefania giannini , gender grammatical polarization in late latin and some italian dialectal areas . a cognitive view 237 georges kleiber , lexicon et cognition : y a-t - il des termes de base ? 267 romano lazzeroni , rileggendo benveniste : le relazioni di persona nel verbo 275 geoffrey s . nathan , how the phoneme inventory gets its shape cognitive grammar 's view of phonological systems 289 paolo ramat & davide ricca , prototypical adverbs : on the scalarity / radiality of the notion of adverb 327 john r . taylor , fuzzy categories in syntax : the case of possessives and compounds in english 347 anna wierzbicka , the universality of taxonomic categorization and the indispensability of the concept ' kind ' 365 margaret e . winters , who are you talking to ? or , whom should i say is calling ? language change in the adult grammar for more information : bertinet @ sns . it
",0
old irish expert required for quick query,"i believe old irish had word-accent on the first-syllable . 1 ) was there an alliterative-verse tradition ? 2 ) any evidence that allit . phrases might have been a feature of ordinary or of any kinds of hight-register speech ? thanks , richard dury
",0
nlp jobs summary,"a couple of weeks ago , i asked whether there is a central source of information about jobs in nlp . i received about ten responses , some of which mentioned specific job opportunities , which i passed on to my student . i am posting here a summary of the general discussion . 1 . there is a list called langage naturel ( ln @ frmop11 . bitnet ) , run by philippe blache ( pb @ harar . unice . fr ) , which may be useful . 2 . the attendance lists from acl could be helpful . 3 . mark kantrowitz at cmu has a mailing list called ai-jobs . many of the listings are in cl / nlp . he can be reached at mkant @ cs . cmu . edu url : http : / / www . cs . cmu . edu : 8001 / afs / cs . cmu . edu / user / mkant / www / home . html 4 . ken i . laws runs a for-moderate - fee mailing list called the computist 's communique . it 's a general e-newsletter for computer scientists , but includes an appendix ( of sorts ) of job ads in applied cs / ai . again , quite a few nlp ads . ken offers once-a - month freebies , and bargain subscriptions for students and unemployed members . laws @ ai . sri . com . 5 . the ( very low volume ) newsgroup comp . ai . nlang-know - rep lists jobs occasionally . 6 . the empiricist mailing list is an email-list covering corpus-based nlp , and for nlp jobs , have a look at colibri , a weekly newsletter and www service for people interested in language , logic , speech and / or information . have a look at our url : ( http : / / colibri . let . ruu . nl / ) a keyword search on "" job "" will basically yield an overview of all jobs that were ever announced in colibri , which includes all nlp-jobs we were able to find . by this message , i announce that i am going out of the employment counseling business . mark aronoff
",0
turn measurement,"dear linguists this is a desperate plea for information regarding software which enables one to time turn-taking in natural conversation . i have followed up a number of references to such devices in the literature but to no avail ! what i need is something which will time ( more accurately than me plus stopwatch ) turns , silence between turns , and , if possible , overlaps . anyone who knows of something which could be persuaded to do this for me , please let me know as this is becoming rather urgent . sally hunt linguistics department rhodes university grahamstown 6140 south africa e-mail : lish @ warthog . ru . ac . za phone : + 27 - 461 - 318105 / 6 ( w ) fax : + 27 - 461 - 25049
",0
farsi ( persian ) light verb constructions,"i am working on "" light verb constructions in farsi and kurdish "" at essex university and i would like to share my ideas with other researches intersted in this area . i am going to approach this topic in the framework of noun incorporation ( baker , 1988 ; hale and keyser , 1991 , 1992 , 1993 ) . especially i like to be in touch with dr simin karimi and dr jan mohammad who have written the first article , as far as , on this subject . i will be very gratefull to you , if you could provide me with the e-mail adresses of these linguists . my e-mail address is as follows : karigx @ essex . ac . uk thanks gh . karimi doostan
",0
sum : lang . www sites,"content - length : 1197 dear linguist 's : i recently asked for language / linguistics - related www sites . i have incorporated those i received into my homepage at the following url : http : / / www . scs . unr . edu : 80 / homepage / kristina / kristina . html i am posting the url rather than the list of sites to save bandwidth . if anyone would like the list itself , let me know and i ' ll e-mail you the html page . i would like to thank the following people who responded and sent url 's : diane penkoff fred riley oesten dahl jelly julia de jong bruno tersago tony sardinha j . k . ( anko ) wiegel kimmo koskenniemi alexandra klein alex eulenberg micheal palmer svein lie remi jolivet heidi shetzer karin stromswold debra occhi caoimhin p . odonnaile stanley g . goertzen jussi karlgren louis janus sabine geldof dr . manfred immler _ _ _ _ _ _ _ _ _ _ _ _ _ _ _ _ _ _ _ _ _ _ _ _ _ _ _ _ _ _ _ _ _ _ _ _ _ _ _ _ _ _ _ _ _ _ _ _ _ _ _ _ _ _ _ _ _ _ _ _ _ _ _ _ _ _ _ _ _ _ _ _ _ _ _ _ _ kristina harris | the mathematics center - 085 | ( 702 ) 784-4433 kristina @ math . unr . edu | university of nevada , reno | fax ( 702 ) 784-1080 * www : http : / / www . scs . unr . edu : 80 / unr / arts-n - science / math-center / mathctr . html * * my homepage is http : / / www . scs . unr . edu : 80 / homepage / kristina / kristina . html *
",0
inofficial e-texts,"there is a project since 1985 , which intends to collect all works of indo - european languages . - - - - - - - - - - - - - - - - - - - - - - - - - "" thesaurus indogermanischer text - und sprachmaterialien "" ( titus ) vorliegende und in bearbeitung befindliche texte ( vorl ufige liste : stand 26 . januar 1995 ) . . . . . . . . . . . . . . . a ) alt - , mittel - und neuindisch : a ) vedisch : rgveda - sa ~ hit ~ : eingabe unter der leitung von w . p . lehmann ( austin , texas ) durch h . s . ananthanarayana ( hyderabad ) ; berarbeitungen durch s . d . atkins ( pomona , california ) , g . e . editorial note in order to cut this message short we have made the complete list of electronic texts available at the listserver under the title etexts txt to retrieve it send the message : get etexts txt linguist to listserv @ tamvm1 . tamu . edu ( internet ) or listserv @ tamvm1 ( bitnet ) for more information , please contact : prof . dr . jost gippert , universit t frankfurt , postfach 11 19 32 , d-60054 frankfurt tel . : + 49-69 - 798 8591 oder 3139 ; fax : + 49-69 - 798 2873 ; e-mail : gippert @ em . uni-frankfurt . d400 . de = = = = = = = = = = = = = = = = = = = = = = = = = = = = = = = = = = = = = = = = = = = = = = = = = = = = = = = = = = = = = = = = = = = = = = = dr . fco . javier mart ! nez garc ! a vergleichende sprachwissenschaft | tel . + 49 - 69 - 798 2847 universit t frankfurt | ( sekr . ) + 49 - 69 - 798 3139 postfach 11 19 32 | fax . + 49 - 69 - 798 2873 d-60054 frankfurt | martinez @ em . uni-frankfurt . d400 . de = = = = = = = = = = = = = = = = = = = = = = = = = = = = = = = = = = = = = = = = = = = = = = = = = = = = = = = = = = = = = = = = = = = = = = =
",0
query : guide to software for linguistic analysis,"does anyone know of any wide-ranging guide to software for use in linguistics , ( covering , say , fieldwork , quantitative sociolinguistic research , acoustic phonetics , managing electronic corpora , discourse analysis , parsing . . . ) ? such a guide ( preferably electronic ) would be very useful as a reference for students . i will summarise the results for the list . jane simpson phone + 61 2-351 - 3655 linguistics f12 fax + 61 2-552 - 1683 university of sydney nsw 2006 post 18 stawell st , turner act 2601 australia
",0
sum : uptalk,"recently i asked for information on uptalk or high rising terminal . i received many responses from people and a number of useful references . i want to thank the following people for their help : cynthia mclemore janet holmes gregory ward marc picards david britain carolyn buck - gengler laura a . michaelis julia hirschberg and elizabeth whalley i received the following references : allan , scott 1990 . the rise of new zealand intonation . in allan bell & janet holmes ( eds . ) new zealand ways of speaking english . clevedon , avon : multilingual matters . 115-128 . britain , david 1992 . linguistic change in intonation : the use of high rising terminals in new zealand english . language variation & change . vol . 4 , 1 : 77-104 . britain , d & john newman 1992 . high rising terminals in new zealand english . in journal of international phonetic association vol . 22 : 1 / 2 : 1-11 . mclemore , cynthia 1991 . the interpretation of l * h in english . texas linguistic forum 32 : discourse : 175-96 . mclemore , c . 1992 . prosodic variation across discourse types . ircs work - shop on prosody in natural speech . 117 - 128 . hirschberg , j & ward , g . the interpretation of the high-rise question contour in english . soon to appear in the journal of pragmatics . in addition , i received suggestions and support from many people for which i am thankful . sincerely , laurel balyeat
",0
references on formal description of discourse,"content - length : 1242 a student of mine who is not on the net is looking for references on formal , systematized description of discourse and dialogs ( tours de parole etc . ) , that would go ` ` beyond levison 's work ' ' ( his words ) to use in an automatic analyzer for political discourse . as his topic is rather out of our local waters ( syntax and parsing ) , i 'd appreciate any help you can provide . please answer to me directly ( walther @ uni2a . unige . ch ) and i ' ll post a summary . thanks , catherine walther u . of geneva
",0
"open / closed word classes , etc .","can anyone help with this question ? many introductory ( and some other ) books on linguistics mention the open / closed distinction for word classes and the lexical / grammatical meaning distinction . none that i have seen , however , say anything about who invented these distinctions , when , where , and why . does anyone have any information about the provenance of these distinctions ? thanks .
",0
quichua info ?,"hi there . i will be in quito from march 23 to april 2 and would like information on quichua . i am particularly interested in native language instruction movements and quichuan spanish . does anybody have contacts ? krbruna
",0
"t id ( aa29536 @ julius . ling . ohio-state . edu ) ; tue ,","21 feb 95 10 : 05 : 20 est does anyone know of a language with the phonotactic patterns listed below ? if so , we 'd appreciate hearing about it . a language which does not allow complex onsets of the type liquid + glide , but does allow other types of onset clusters , e . g . nasal + glide . and / or a language which does not allow complex codas of the type glide + liquid , but does allow other types of coda clusters . thanks , beth hume : ehume @ julius . ling . ohio-state . edu david odden : david _ odden @ osu . edu
",0
language teaching lists,"hi , an acquaintance of mine who is on the net , but not on the list would like to know whether there is a list that discusses foreign language teaching ( like didactic hints , textbooks , classroom materials , jobs . . - much like linguist ) . if there is , send the relevant info to : birgit roller bowling green state university e-mail : birgitr @ bgnet . bgsu . edu thanks achim stenzel
",0
european linguistics,"i would like help in finding out information on linguistics in europe - - how the field is structured ? what theoretical models are important ? what departments in universities have linguists ? etc . i ' m not sure where to go for this type of information - - so pointers toward sources or personal knowledge would be greatly appreciated . thanks in advance . sonja launspach t720026 @ univscvm . csd . scarolina . edu
",0
font for vietnamese,"hello . i am looking for a font that will write in vietnamese on a macintosh . if anyone has heard of such a thing , please let me know the details as to how i might obtain it . thank you . andrew talle northwestern university
",0
electric motors,"dear sir / madam we are manufacturers of electric motors viz . ac . motors , dc . motors , and special type of motors . we have entered into international market and are getting orders in bulk quantities from manufacturers of motors , they market these motors under their own brand name in bulk at the price they think for them notpossible to manufature in their home country . we offer six months site facility against confirmed and irrevocable letter of credit of any prime bank in us dollars . visit us at http : / / www . elmomachines . com for our wide spectrum of products . awaiting for a favourable response from your end . regards , anuj patel proprietor telefax : + 91 79 6421347
",1
,"10 / 27 / 98 y2k solution ! 8 pine circle dr . , silicon valley , calif . otc company "" tcfg "" 21 st . century frontier group has through several members of their administrative research department leaked vital information about their companies efforts . . . everyone was tight lipped and interviews were refused , and through un-named sources we have learned that the technology and software solution are in the process of being patented ! in over 1640 trials , using various data systems the use of the new technology and software solved the y2k problem 100 % of the time . this small publicly traded company "" tcfg "" which is just 3 years old is through various sources now negotiating with the "" big boys "" ! "" tcfg "" the letters to look for !
",1
conference : dgfs / cl 97,"dear linguists , the program of the sixth meeting of the special interest group on computationallinguistics of the german linguistics society ( dgfs / cl 97 ) is now available at the following url : das programm der 6 . fachtagung der sektion cl der dgfs ist unter folgender url verf | gbar : http : / / www . linguistics . ruhr-uni - bochum . de / ~ kiss / dgfs _ prog . htm
",0
your request,"need a new driver 's license ? too many points or other trouble ? want a license that can never be suspended or revoked ? want id for nightclubs or hotel check-in ? avoid tickets , fines , and mandatory driver 's education . protect your privacy , and hide your identity . the united nations gave you the privilege to drive freely throughout the world ! ( convention on international road traffic of september 19 , 1949 & world court decision , the hague , netherlands , january 21 , 1958 ) take advantage of your rights . order a valid international driver 's license that can never be suspended or revoked . confidentiality assured . call now ! ! ! 1-937 - 586-9313 2b4e5
",1
toc : ijglsa 3 . 1,"volume 3 , number 1 ( spring 1998 ) interdisciplinary journal for germanic lingusitics and semiotic analysis contents : farronato , christina : holbein 's "" dead christ "" and the horror of the broken narrative liberman , anatoly : toward a theory of west germanic breakings nth , winfried : symmetry in signs and semiotic systems page , richard : a gestural approach to lexical diffusion and neogrammarian sound change in common scandinavian penzl , herbert and thomas f . shannon : shakespeare 's stage pronunciation : part of "" proto - american english "" ? sanjins , jos : baroque - shores of eco 's "" the island of the day before "" reviews - - - - - - - - - - - - - - - - - - - - - - - - - - - - - - - - - - - - - - - - - - - - subscription ( 2 issues per year ) : students $ 15 ; individuals $ 20 ; institutions $ 30 subscribe to : irauch @ socrates . berkeley . edu back issues available at $ 10 per issue or full year at subscription cost
",0
"book : ferdinand de saussure - "" curs de lingvistica generala ""","ferdinand de saussure - "" curs de lingvistica generala "" , translated by laura and radu daniliuc isbn 973-98610 - 4 - 0 , pub . date : 07 / 15 / 98 cuvintul nostru publishing house , pb , 200 pp . , 24 . 99 $ there is absolutely no need today to present the book f . de saussure - "" course of general linguistics "" . this is the first complete romanian translation of the "" bible "" of the structuralism movement ( greenberg , 1977 ) , a book accompanied by a biographical file , names and terms indexes , with an introduction signed by john holm . the translation is very close to the original course , the translators providing explanatory footnotes when considered to be necessary . for more details and orders contact : srdan @ assist . cccis . ro phone : + 40-92 - 739 577 fax : + 40-30 - 210 271 ( call first )
",0
conf on maritime terminology,"dear colleague , next year , the brussels - based college for interpreters and translators ( isti ) is hosting the first international conference on maritime terminology . the conference is intended to provide a forum for scholars , experts and professionals to present their views and exchange ideas on a shared interest . for more details , please visit our special website at http : / / www . refer . fr / termisti / nauterm / nauten . htm . i should appreciate it if you could provide a link-up in your website . furthermore , if you know of any other organization or institution that should be alerted to the conference please drop me an email . i look forward to hearing from you ! yours sincerely , marc van campenhoudt - - - - - - - - - - - - - - - - - - - - - - - - - - - - - - - - - - - - - - - - - - - - - - - - - - - - - - - - - - - - prof . dr . marc van campenhoudt centre de recherche termisti institut superieur de traducteurs et interpretes ( isti ) 34 , rue joseph hazard b-1180 brussels belgium t = e9l . : + 32 . 2 . 346 . 26 . 41 fax : + 32 . 2 . 346 . 21 . 34 marc . van . campenhoudt @ euronet . be termisti @ euronet . be http : / / www . refer . fr / termisti / termisti . htm iii iiiiiiiiiiiii iiiiiiiiiiiiiii iii iii iii iii iii iii iii iii iiiiiiiiiiiii iii iii iii iii iii iii iii iii iii iii iii iiiiiiiiiiiii iii iii
",0
win a porsche and politically empower internet users ( 293 ),"if there was a way for you to win a 1999 porsche carrera and help a non-profit organization politically empower internet users , would you like to obtain all of the facts ? to find out how to win the porsche , see the site below or click on it . http : / / nonprofit2 . org / raffle / howtowin . htm * * * * * * * * * * * * * * * * * * * * * * * * * * * * * * * * * * * * * * * * * * * * * * 38105
",1
premium adult content,"looking for high quality adult content at the right price ? then check out xxx by scarlett - 15 image cd 's and 3 video clip cd 's * hardcore * softcore * asian hardcore * transsexual hardcore * english roses ( 18-21 yrs ) * extreme euro hardcore * gay * amateur check out our quality , the amazing prices and with new content coming out every month you ' ll easily see why xxx by scarlett is the number one adult content provider . thank you for your time . scarlett
",1
mini workshop on split constituents,"the syntax project of the innovationskolleg "" formal models of cognitive complexity "" wants to organize a mini-workshop on split constituents such as ( 1 ) or ( 2 ) some time in fall 1997 . ( 1 ) interessante buecher hat sie keine teuren gelesen interesting books has she no expensive read "" she did n't read any expensive interesting books "" [ german ] ( 2 ) na kakav je ivan krov bacio loptu on what-kind - of was ivan roof threw ball "" on what kind of roof did he throw a ball "" [ croatian ] if you are working on this kind of construction ( the language does not matter ) and if you would like to come to such a mini-workshop , please let us know . . . cavar @ rz . uni-potsdam . de fanselow @ rz . uni-potsdam . de
",0
13th scandinavian conference of linguists,"just out proceedings of the thirteenth scandinavian conference of linguistcs lars heltoft and hartmut haberland , eds . university of roskilde , department of languages and culture isbn 87-90132 - 12 - 2 495 pages , 1996 this volume contains 40 papers presented at the 13th scandinavian conference of linguistcs ( roskilde , denmark , january 1992 ) , including 6 papers from the neurolinguistics workshop held in connection with the conference . ( most papers are in english , one in german and a few in danish or swedish . ) for ordering , write to lars heltoft , 13th scandinavian conference of linguistics , department of languages and culture , university of roskilde , pob 260 , dk-4000 roskilde , denmark , fax + 45 46754410 . for a table of contents and pricing information ( including methods of payment ) please consult http : / / babel . ruc . dk / ~ rolig / 13scan . html
",0
re : urgent buy alert !,"company : mark i industries symbol : m k i i ( mkii ) price : 3 / 8 ( $ . 375 / share ) m k i i has announced an affiliation with one of their subsidiaries and at&t . management projects a $ 100 million revenue goal at their current rate of growth with "" the company 's stock to trade in the $ 4 range "" . m k i i is rated an immediate and "" strong buy "" . for more information on m k i i go to : http : / / quote . yahoo . com .
",1
seasons greetings from santa !,"santa at onlinenow wishes you happy holidays , merry christmas and a happy , prosperous new year . onlinenow world wide directories http : / / onlinenow . net / frames /
",1
eureka,"hey , check this . everythig at this site is free , and it 's actually stuff you use everyday ! coupons for food , dining , you name it . click this link and get a great gift just for taking a minute to "" see for youself "" http : / / ftw . nu go ahead , click it
",1
a grammar of bella coola,"new book announcement davis , philip w . and ross saunders . 1997 . a grammar of bella coola . university of montana occasional papers in linguistics no . 13 . pp . viii + 190 . isbn no . 1-879763 - 13 - 3 . us $ 20 ( shipping included ) . to order send check for $ 20 to umopl , linguistics program , university of montana , missoula , mt 59812 . for further information check http : / / www . umt . edu / ling / umopl / titles . htm
",0
new mitwpl book : syntax - semantics,"the interpretive tract : working papers in syntax and semantics . mit working papers in linguistics v . 25 . edited by uli sauerland and orin percus . april 1998 . 295 pages . $ 12 . website : http : / / broca . mit . edu / mitwpl . web / wpl - volumes-files / wpl25 . html this volume is about the interpretive component of the grammar . it is about how the form of sentences relates to their informational contribution and to their conditions of use . accordingly , the papers here try to pinpoint aspects of the meaning of sentences , to draw connections between these aspects of meaning and material present at syntactic structure , and to ask how we get one from the other . the papers here were written over the past five years . interest in semantics coalesced and intensified during these years at mit ; we are especially happy to publish these papers now , in the first year of the new phd program specializing in semantics . contents subject specificity , copy theory , and extended mapping hypothesis wei - tien dylan tsai 1-28 the presupposition of subjunctive conditionals kai von fintel 29-44 presupposition denial and the origins of antecedents orin percus 45-64 quantification in agrammatic aphasia william philip and sergey avrutin 63-72 negation and object shift in early child korean judy yoo - kyung baek 73-86 spanish n - words : ambivalent behavior or ambivalent nature elena herburger 87-102 complementation and interpretation : the concrete and imaginative readings of visual perception verbs marie claude boivin 103-123 on the aspectual properties of english derived nominals william snyder 125-139 downsizing infinitives susi wurmbrand 141-175 plurals , derived predicates and reciprocals uli sauerland 177-204 anaphora and semantic interpretation : a reinterpretation of reinhart 's approach irene heim 205-246 movement and derived predicates : evidence from parasitic gaps jon nissenbaum 247-295
",0
adult ad - viva la revolution,"viva la revolution ! ! ! ! ! ! forget gorditas , go for the gash ! viva la revolution ! ! ! ! thrust your self into the sexual revolution and cum out hard ! ! ! fight the resistance and fight for your right to have free sex ! ! ! ! join beautiful women in thier natural sexual independence ! ! ! drop your pants my fellow perverts , and stick your dick out for freedom ! ! !
",1
"urgent ! "" lehrstuhl fuer allgemeine sprachwissenschaft "" vacancy","urgent ! ! please do not send in applications yet . the official period for application has not yet begun . it is expected to begin mid - january and end about six weeks later . we will keep you informed . sincerely henriette visser
",0
who studies e-mail linguistically,"i am doing a stylistic study of e-mail messages , but i have failed so far to find any relevant publications . i would appreciate any references to such publications as well as information on the existence and access to any corpora of e-mail messages ( commercial or scientific ) . i know that two canadians - belmore and callot - have done something on e-mail , but i do not know how to get their publications from moscow . please respond to me directly and will post a summary . many thanks in advance . alla eskina department of stylistics moscow linguistic university alla @ eskina . msk . ru tel . 7 095 310 1296
",0
arabic studies,"dear linguists . one of my fellow students would like to study modern arabic language and culture etc . in an arabic speaking country for half a year maybe one year . but she could n't get any help from her danish university . can anyone help us with names and adresses of universities that take foreign students . thanks in advance . please answer directly to me . sebastian + + + + + + + + + + + + + + + + + + + + + + + + + + : - ) ( - | ; - } + + + + + + + + + + + + + + + + + + + + + + + + + + + + linsad @ stud . hum . aau . dk sebastian adorjan dyhr + + department of linguistics ydunsvej 12 + + aarhus university 8230 aabyhoej + + bygning 327 86 15 02 48 + + nordre ringgade + + 8000 aarhus c + + + + + + + + + + + + + + + + + + + + + + + + + + : - ) ( - | ; - } + + + + + + + + + + + + + + + + + + + + + + + + + + +
",0
q : welsh on the internet,"i direct this query to those more in the know : there is a producer in bbc wales ( the base for the orchestra i work for ) who is looking to produce a programme discussing the internet and the like with reference to the welsh language / culture . i have been able to find plenty of references to scots and irish traditions , but only one reference to welsh in patagonia . please respond to : jeremy garside - bbc national orchestra of wales garsij @ wales . bbc . co . uk
",0
,"journal of neurolinguistics - an international journal for the study of language and the brain . edited by john marshall , uk "" "" "" "" "" "" "" "" "" "" "" "" "" "" "" "" "" "" "" "" "" "" "" "" "" "" "" "" "" "" "" "" "" "" "" "" "" "" "" "" "" "" "" "" "" "" "" "" "" "" "" "" "" "" "" "" "" "" "" "" "" "" "" "" "" contents - volume 8 no . 2 e . kehayia & g . jarema morphological priming of inflected verbs froms : a comparative study . n . o'connor et al neuropsychology and linguistic talent . m . gopnik impairments of tense in a familial language disorder . c . code speech automatism production in aphasia . a . basso & m . corno semantic errors in transcoding tasks in a shallow orthography : a retrospective study on 502 italian vascular patients . "" "" "" "" "" "" "" "" "" "" "" "" "" "" "" "" "" "" "" "" "" "" "" "" "" "" "" "" "" "" "" "" "" "" "" "" "" "" "" "" "" "" "" "" "" "" "" "" "" "" "" "" "" "" "" "" "" "" "" "" "" "" "" "" "" published by elsevier science ltd - uk freesample @ elsevier . co . uk "" "" "" "" "" "" "" "" "" "" "" "" "" "" "" "" "" "" "" "" "" "" "" "" "" "" "" "" "" "" "" "" "" "" "" "" "" "" "" "" "" "" "" "" "" "" "" "" "" "" "" "" "" "" "" "" "" "" "" "" "" "" "" "" ""
",0
re : qs : kinship terms,"sebastian adorjan dyhr 's question prompts me to put the following question to the list at large : does there exist in any language a word which means purely "" the other parent of one 's child "" in the strictly biological sense ( i . e . no legal , social , etc overtones ) ? formally , b is a 's x if a and b are the two parents of a child . what is x ? ( there is no lack for the parents ' relation to the child : in english even "" sire "" and "" dam "" are usable for humans - just ! ) . nb : ad - hoc contrivances like "" co-parent "" earn no marks ! ted . ( ted . harding @ nessie . mcc . ac . uk )
",0
hpsg slash,"could someone please clarify and exemplify the function ( and definition ) of the slash ( "" / "" ) in hpsg ( head driven grammar ) . many thnaks . michal ephratt ( rhlh702 @ haifauvm )
",0
research studentship in phonetics,"ph . d . research studentship in phonetics at central lancashir university duration : 3 years funding : stlg 4910 plus allowances and fees ( under review ) topic : research in intonation joint project between linguistics , psychology and elec . engineering proposed area is "" alignment of f0 contours and syllable structure "" ; it will involve instrumental analysis of naturally occurring speech and also some perception experiments . applicants who would like to undertake a project with a different focus are encouraged to submit them . closing date 4th august for further information : contact c . d . smith @ uclan . ac . uk or a . wichmann @ uclan . ac . uk ( after 23rd july ) ( anne wichmann )
",0
query : different,"in one of the novels by ( walter m . ) greeley , i noted _ it 's not much different a life than that of the students _ . in many ways this just confirms the status of _ different _ as a crypto-comparative : cf . * it 's not easy a life , ok it 's not much easier a life than . . . however , what are native speakers ' intuitions about this when _ different _ is biased towards being interpreted as an ' ordinary ' adjective : ( i ) ? it 's entirely different a life from that of the students cf . ( ii ) * ? it 's not entirely novel a notion for me and what about : ( iii ) ? it 's not entirely separate a notion from that of greed or , for those speakers who accept ( iv ) , ( iv ) it 's not much easier of a life than that of the students , what about : ( v ) ? it 's not much different of a life than that of the students i also feel unsure about _ other _ : ( vi ) ? * it 's not ( much ) other a life than . . . ( vii ) ? it 's no other a life than . . . ( viii ) ? it 's not any other a life than . . . let alone ( vi ) - ( viii ) with _ of _ : . . . other of a life . . . frits
",0
req : info on indian corpora . . .,"i would like to get in touch with people who are working on corpora-related research for indian languages . i am specifically interested in helping to build a corpus a corpus of thamizh ( tamil ) or malayalam ( or other indian languages ) , with the idea of building systems for automatic recognition of written / spoken text , and to aid in machine translation . thank you . peace , - - kr . pa
",0
query : have / of ) a,"with regard to the recent discussion on linguist of _ coulda _ , _ glassa _ , etc . , can anyone refer me to literature or give native judgments on the limits to which the reductions of _ have _ and _ of _ to _ a _ ( schwa ) may be subject ? my non-native intuitions are that it is unlikely to happen after a vowel : ( i ) ? the victory-a the team ? he may-a been here and even less likely after schwa iteself : ( ii ) ? * the idea-a going there ? * he oughta-a gone there similarly what about before a vowel : ( iii ) ? the concept-a extraction ? he should-a insisted or before schwa : ( iv ) ? the concept-a anaphora ? he could-a avoided it or before the article : ( v ) ? * the cancept-a a transformation perhaps , one or more of ( i ) - ( v ) that is / are impossible get better with ' intrusive ' r ? frits
",0
address for john thayer jensen,"does anyone have an e-mail or other address for john thayer jensen ? by extraordinary coincidence there is another john t jensen who is also a linguist , but the one i ' m looking for is the one who wrote the yapese grammar and dictionary . thanks , john henderson _ _ _ _ _ _ _ _ _ _ _ _ _ _ _ _ _ _ _ _ _ _ _ _ _ _ _ _ _ _ _ ph . ( 09 ) 380 2870 centre for linguistics , university of western australia w . a . 6907 fax ( 09 ) 380 1154
",0
info re : wilhelm von timroth,"is there somebody who could help me to get in touch with wilhelm von timroth , a german slavist / sociolinguist ? i ' ve checked lists and nameservers that i know of , without success . i have a copy of his ( translated ) dissertation from the philosophy faculty of ludwig - maximilians university , munich and believe he may still be in munich . many thanks in advance . mark pepevnak department of linguistics university of toronto ( pepevnak @ epas . utoronto . ca )
",0
labov on tense,"in 1977 , the laut preprint agency in trier , ( then west ) germany publihshed a working paper by william labov , on the adequacy of natural languages : the development of tense . does anybody have a reference to a ' proper ' publication of this paper as a journal article or chapter in a book ? thanks . hartmut haberland
",0
syllabus for an undergraduate socio-linguistics course,"i am putting together a syllabus for an undergraduate socio-linguistics course . i would be grateful to see copies of any syllabi people might be willing to share with me . thank your very much . sincerely , seth a . minkoff mit seth @ mit . edu
",0
universals,"suppose i have a language which inflects verbs for person , number , and sometimes gender of subject , inflects nps for case and number , has freeish word order , and commonly "" drops "" subject pronouns and in which there is a special inflection on verbs which indicates that the understood subject is impersonal and no overt subject phrase ( full np or pronoun ) can then occur , but otherwise everything is the same as with normal verb forms . would such a language violate anybody 's favorite universals in any current framework .
",0
summ : concepts unknown in dutch,"summary : concepts not known in dutch a couple of weeks ago i posted a question re . the concepts in english and american , which were unknown in dutch . i would like to thank all who contributed to the list below , which i have compiled from the replies . the reason for the request was to incorporate some examples in a call programme ( l2 = english ) . using only contextsentences as a means to derive word meanings , we would expect a low success rate in a condition with such target words . this finding might show that the context method is not the best method for such words . i will publish the results hope - fully next year . thanks again . paul olierook utrecht university holland . over & down 11 - plus anchorman bagel baked / fried basement bird boardwalk call waiting cereal cheeze wiz chili chipmunk collard greens collect call college condo convenience store corn syrup cranberry sauce diner doggie bag donut dope dorm ( itory ) drive-by shooting drive-in field goal geek graduate student grand jury grits hall pass home run ice cream floats inch jack o ' lantern maple syrup marshmallow fluff midship man minute man moron muffin nerd pantry pickup truck pie poison ivy porch potluck precinct caucus quart quarterback rumble strips scrum shopping mall sitcom snow blower submarine sandwich subway token succotash summer squash summercamp tabloid to relish to bring / to take town meeting treasury tags trick or treating tuna surprize turnpike turnstile twinkies water fountain water cooler whipped cream whipping cream wicket winter squash yard .
",0
,"language & literature 3 / 3 ( 1994 ) : articles : ineke bockting , ' mind style as an interdisciplinary approach to characterisation in faulkner ' valerie lowe , ' unsafe convictions ' : ' unhappy confessions in * the crucible * irma taavitsainen , ' subjectivity as a text - type marker in historical stylistics ' reviews : tom barney on couper - kuhlen , english speech rhythm mike reynolds on simpson , language , ideology and point of view john honey on phillipson , linguistic imperialism miguel marinez - cabeza on zwaan , aspects of literary comprehension michael toolan on fludernik , the fictions of language and the languages of fiction
",0
final voiceless velar fricative - ) stop,"in response to a query about any language where a final voiceless velar fricative changed regularly to a stop , wayles browne supplied the example of some montenegrin dialects of serbo - croatian . references : pavle ivic ' , die serbokroatischen dialekte , i . , mouton & co . , the hague 1958 , p . 145 , 213 radosav bos "" kovic ' , "" o prirodi , razvitku i zamenicima glasa h u govorima crne gore "" , in his book _ odabrani c "" lanci i rasprave _ , titograd 1978 . the same book has a french summary of a work he wrote together with m . mal / ecki , _ przegla , d dialekto ' w starej czarnogo ' ry _ . pavle ivic ' , ed . , _ fonolos "" ki opisi srpskohrvatskih / hrvatskosrpskih , slovenac "" kih i makedonskih govora obuhvac ' enih ops "" teslovenskim lingvistic "" kim atlasom _ = posebna izdanja knjiga lv , odjeljenje drus "" tvenih nauka knjiga 9 , sarajevo : akademija nauka i umjetnosti bosne i hercegovine 1981 . i have also found that some southern polish dialects exhibit an identical sound change , as discussed in : dejna , karol . 1973 . dialekty polskie . wroc ~ aw - - warsaw - - cracow - - gda ~ sk : ossolineum . for additional comments and suggestions i would like to thank : steven johnson lar martin fosse jakob dempsey kevin donnaile
",0
what non-linguists notice about speech,"i am looking for information on the investigation of what non-linguists notice about spoken language . which aspects of spoken language ( phonological , syntactical , lexical , and so on ) catch people 's attention , and how do non - linguists understand and categorize their awareness of others ' speech ? if anyone knows of research in this area , i would be grateful to hear about it . s . krainz ( v367my88 @ ubvms . cc . buffalo . edu )
",0
tagged corpora : summary,"this is a summary of the responses received to my question about accessible on-line tagged databases ( nov . 17 ) . thank you to david palmer , peter christian , martin corley , and cornell juliano . - - janet rowe 1 . several german corpora feare available through a system called cosmas at the institut fur deutsche sprache in mannheim . if anyone knows the address please let me know . 2 . at least two english corpora are available . the british national corpus will be available soon through natcorp @ vax . ox . ac . uk a very small ( but thoroughly tagged ) corpus called susanne is available from ftp . black . ox . ac . uk 3 . the following reference may be very useful : edwards , jane a . and martin d . lampert ( eds . ) . date ? ? ? talking data : transcription and coding in discourse research . london and hillsdale n . j . : erlbaum . 336 pp . chapter 10 , by jane a . edwards , is entitled "" survey of electronic corpora and related resources for language researchers "" .
",0
thanks,"thanks to all of the many people who sent me igor mel ' cuk 's contact info , volunteered to forward messages , etc . you ' re a very helpful group ! regards , sherri calvo
",0
list of language lists version 1 . a,"the loll is now available by anonymous ftp to midir . ucd . ie in / pub / everson . michael everson school of architecture , ucd ; richview , clonskeagh ; dublin 14 ; e / ire phone : + 353 1 706-2745 fax : + 353 1 283-7778 home : + 353 1 478-2597
",0
sum : clitic doubling in spanish,"to the linguist readers , some weeks ago , i posted a query about clitic doubling in spanish . i received a very useful response , so i would like to thank : jairo morais nunes alan huffman josemina magdalen philip elliot jelly julia de jong jerzy kowal joel nevis cynthia vakareliyska jose miguel gon ~ i menayo almeida jacqueline toribio david gohre dan everett my best regards , rocio , rocio jimenez , rjimenez @ mailbox . syr . edu . - - - - - - - - - andrews , "" unification and morphological blocking "" , nllt : 8 , 4 , 1990 , pp . 507-557 . borer , hagit . parametric syntax . case studies in semitic & romance languages . dordrecht - holland : foris publications , 1984 . bresnan , joan and sam ~ a . mchombo . 1987 . topic , pronoun , and agreement in chiche . language , 63 ( 4 ) : 741-782 . bresnan , joan and lioba moshi . 1990 . object asymmetries in comparative bantu syntax . linguistic inquiry , 21 ( 2 ) : 147-186 . franco , jon andoni . on object agreement in spanish . dissertation , university of southern california , 1993 . garcia , erica . the role of theory in linguistics analysis : the spanish pronoun system . amsterdam : north - holland publishing company , 1975 . grimshaw , jane . 1982 . subcategorization and grammatical relations . in a . zaenen , ed . bloomington , ind . : indiana university linguistics club . issues and theory in romance linguistics . selected papers from the linguistic symposium on romance languages xxiii . 1993 . georgetown university press . washington , dc . jaeggli , osvaldo . topics in romance syntax . dordrecht - holland : foris publications , 1982 . montalbetti , mario . 1981 . consistency and clitics . ms . , massachusetts institue of technology . roberge , yves . the syntactic recoverability of null arguments . mcgill - queen 's university press , 1990 . sunner , nllt 6 ( 1988 ) . vakareliyska , cynthia . "" na - drop in bulgarian "" , journal of slavic linguistics 2 ( 1 ) : 121-150 ( 1994 ) .
",0
specials specials,"if you received this message in error , please accept my apologies . great steals and deals : : come and visit our web site and sign up to win a 3 . 2 gig hard drive . . we welcome all reseller to all site linked to this page . . . for over 500 cables ( printer cables , usb cable , plus switch boxes and much much more ) please visit http : / / www . cablemax . com for links to eagle computers look below . . this weeks specials follow : amd k6 266mhz $ 102 . 00 amd k6 300mhz $ 125 . 00 amd k6 - 2 300 mhz 3d cpu $ 159 . 00 amd k6 - 2 333 mhz 3d cpu $ 264 . 00 amd k6 - 2 300mhz 3d system for just $ 699 . 00 amd k6 233mhz system $ 450 24x cdrom cyberdrive $ 40 32x cdrom $ 48 pci lucent 56k modems $ 45 genius 3 - d 16bit sound card $ 13 . 00 multimedia speaker system $ 10 . 00 amd k6 - 2 300mhz 3d cpu + 100mhz motherboard + 4meg agp video card + 16bit sound $ 350 . 00 * * * new * * * at 100mhz motherboard for the amd 3d cpu ' s * * * $ 85 . 00 32 meg edo 60ns memory * * blowout sale * * $ 25 . 00 trident 9685 4 meg s3 virge video card just $ 35 . 00 plus a lot more so please take the time out to visit eagle computers web site . . also do n't forget to sign up to win a 3 . 2 gig hard drive . . . theres just to many deals to list . just hit the link and we will see you there : ) http : / / www . eaglecomp . net / html / newspecials / html / eagle _ computers-specials . cfm to regester for the free prize click here http : / / www . eaglecomp . net
",1
seeing the barn red,"an ad by yale university press in the latest issue of the new york review of books announces a volume of poetry by valerie wohlfeld entitled thinking the world visible . perhaps the poet has been reading this list . bob rothstein ( rar @ slavic . umass . edu )
",0
genie video update,"i have received many inquiries from outside north america about a message i posted a couple of months ago about a video program on genie , entitled the secret of the wild child . the 800 number ( 800-255 - 9424 ) is good only in north america . here is the address , phone number , and the fax number for the distributer : wgbh p . o . box 2284 south burlington , vt 05407 u . s . a . phone : 802 862 8881 ( ask for the ordering department ) fax no . : 804 864 9846 secret of the wild child is produced by pbs ( public broadcasting system ) as part of the nova series .
",0
nyankore,"i am looking for any data ( grammar , lexicon , etc ) on nyankore , a bantu language in southern uganda . i have heard that a grammar was recently released in uganda , details unknown . peterross thai / linguistics australian national university
",0
re : hello,"* * * * * * warning ! this message is for porno webmasters and / or persons working in the porno industry . if you receive this by mistake , we apologize for any inconveniences incurred . please reply with "" remove "" in the "" subject "" area and you will be removed from our mailing list . * * * * * * fellow porno webmaster , there is a new underground porno site in town ! you will find new resources to improve your site ! underground porno site your support of the internet adult coalition is greatly appreciated . sincerely , tara iac member los angeles , ca
",1
text for structure of modern english,"a colleague not on the list is looking for textbooks to use in an undergraduate course in structure of modern english . many but not all students are in a program designed to prepare them for teaching english at the secondary school level . there are no prerequisites in linguistics , though intro to linguistics courses are offered in other departments . please send responses directly to harriet luria johnson hljhc @ cunyvm . cuny . edu or hljhc @ cunyvm . bitnet . thanks michael newman , the ohio state university
",0
multiple etymological sources in one domain,"i ' m looking for examples of languages in which , within one lexical domain , some lexemes come from one language source and some from another . for example , in english kin terms , almost all the lexemes are from a germanic source - - e . g . , mother , father , sister , brother ; but the grand in grandmother and grandfather is from romance . another example would be english 's germanic lexemes for domestic animals "" on the hoof "" , but french - derived ones for their meat ( pork , veal , beef ) . thanks . if there is sufficient interest , i ' ll post a summary . george l . huttar 7500 w . camp wisdom rd . dallas , tx 75236 huttar @ sil . org u . s . a . 1-214 - 709-2400 ext . 2250 fax 1-214 - 709-3380
",0
"poem ( re : 5 . 1276 eskimo "" snow "" )","as a footnote to the recent exchanges , linguists may be interested in the following short poem by the dublin poet , aiden mathews , entitled the death of irish : the tide gone out for good , thirty - one words for seaweed whiten on the foreshore ( reproduced on p . 1428 of the filed day anthology of irish writing and currently on display on the dublin metro as part of a poetry-for - the - people campaign ) . i have not enquired what the thirty-one words might be . but then are we not dealing here with feelings rather than facts ? seamus o ciosain c / o mairenic @ irlearn . bitnet
",0
point of contact in thailand,"dear netters , i 'd like to know the point of contact at chulalongkorn university in thailand . i learned that they have done some research in thai natural language proccessing , particually in word boundary segmentation . any information on this ( such as e-mail address , fax number or surface mail address ) will be appreciated . please reply to me directly at yenk @ asq8 . bah . com ketty yen booz . allen & hamilton inc . linthicum , md usa
",0
guess who ? ! ? - oqth,"http : / / www . lovemenow . com the material on this server is adult oriented and / or sexually explicit , and is related to material of an adult nature . this site provides access to images of nude adults possibly engaging in sexual acts . access is made available only to those who accept the terms of the following agreement : by accepting this agreement , i certify the following : i do not find images of nude adults , adults engaged in sexual acts , or other sexual material to be offensive or objectionable . i am at least 18 years of age and have the legal right to possess adult material in my community . i understand the standards and laws of the community , site and computer to which i am transporting this material , and am solely responsible for my actions . i am not , nor have i ever been employed by a law enforcement agency . i will not attempt to by-pass any security and / or access feature at this site . if i use these services in violation of the above agreement , i understand i may be in violation of local and / or federal laws and am solely responsible for my actions . by logging on , i will have released and discharged the providers , owners and creators of this site from any and all liability which might arise . bookmarking to a page on this server / site whereby this warning page is by-passed shall constitute an implicit acceptance of the foregoing terms herein set forth . http : / / www . lovemenow . com http : / / www . lovemenow . com / cgi-bin / index . pl get you free 3 day trial membership now !
",1
free internet services & unique shopping,"here 's a great directory for free and interesting internet sites ! ! ! visit "" mall direct "" http : / / 209 . 125 . 202 . 59 this is a fabulous list , please save for future reference . - - - - - - - - - - - - - - - - - - - - - - - - - - - - - - - - - - - - - - - - - - - - - - - - - - - - - - - - - - - - - - - - - - to be removed from this list , please enter your e-mail address at http : / / www . remove-list . com - - - - - - - - - - - - - - - - - - - - - - - - - - - - - - - - - - - - - - - - - - - - - - - - - - - - - - - - - - - - - - - - - -
",1
parsing preference in v2 languages,"it has been claimed ( incorrectly ) that a german sentence with nominative / accusative case syncretism like ( 1 ) is unambiguous , with the clause-initial noun phrase construed as the subject . ( 1 ) die tochter hat die mutter gek "" usst . the-nom / acc daughter has the-nom / acc mother kissed allegedly only svo : the daughter kissed the mother . allegedly not ovs : the mother kissed the daughter . although ( 1 ) is in fact ambiguous , the svo interpretation does seem to be preferred over the ovs interpretation , at least in out-of - the-blue contexts . can anyone steer me to a discussion of such examples ( in german or any other verb-second language ) in the parsing literature ? many thanks , beatrice santorini b-santorini @ nwu . edu
",0
"dr . tina s . alster , cosmetic laser surgery , www . skinlaser . com","this is a one time mailing , if you are not interested , simply hit "" delete . "" the essential guide to cosmetic laser surgery : click here . tina s . alster , m . d . is the founding director of the washington institute of dermatologic laser surgery . she is a lecturer in dermatology at harvard medical school and clinical assistant professor of dermatology and pediatrics at georgetown university medical center . recognized as one of the nation 's leading practitioners of dermatologic laser surgery , in this book she reveals the revolutionary new way to erase wrinkles , age spots , scars , birthmarks , moles and tattoos - - and how not to get burned in the process . a must read for anyone considering cosmetic laser surgery . click here . thank you for your time . michael h . stokes information technology consultant washington institute of dermatologic laser surgery
",1
q : help with french translation,"i need help with the translation of the french word "" barine "" . from the context ( a song by augusta holme ` s , including the lines "" je suis ivan , fils du barine "" ) i infer that it 's some member of russian nobility , but have been unable to find it in 4 dictionaries . please e-mail responses directly to me , as this can't really be of wide interest . thanks . susan fischer
",0
rea,"could somebody out there help me get my hands on a simple dichotic listening tape ( test ) that could be used to test for right ear advantage ( or left ear advantage as the case may be ) of linguistic stimuli ? i ' m not asking for this for free , of course , but i have had problems finding a good one around here ( in the boston area ) . looking forward to hearing from you hoskuldur thrainsson department of linguistics harvard university 77 dunster street cambridge , ma 02138 tel . ( 617 ) 495-4006 , e-mail "" thrainss @ fas . harvard . edu ""
",0
re : 5 . 1358 words for snow,"just a short remark on german ' loipe ' , which is a loan word from norwegian ' l | ype ' , which comes from old norse ' hleypa ' - to make something run ( cause to run ) . ( cf bokmaalsordboka 1993 ) ruth vatvedt fjeld
",0
,"language 70 / 4 ( december , 1994 ) : articles : nancy c . dorian , ` varieties of variation in a very small place : social homogeneity , prestige norms , and linguistic variation ' eloise jelinek & richard demers , ` predicates and pronominal arguments ' andrew carstairs - mccarthy , ` inflection classes , gender , and the principle of contrast ' review article : marilyn shatz on yamada 's laura : a case for the modularity of language and tomasello 's first verbs : a case study reviews : nancy c . dorian on robins & uhlenbeck , eds . , endangered languages michael a . covington on hale & keyser , eds . , the view from building 20 : essays in linguistics in honor of sylvain bromberger richard p . meier on wilcox , the phonetics of fingerspelling andrew spencer on aronoff , morphology by itself : stems and inflectional classes susan steele on heine , auxiliaries : cognitive forces and grammaticalization julia s . falk on malkiel , etymology mark aronoff on parkes , pause and effect : punctuation in the west carmen silva - corvalan on de granda , el espanol en tres mundos michael aceto on winford , predication in caribbean creoles tariq rahman on o'leary , ed . , sociolinguistic survey of northern pakistan bernard comrie on thomas , linguistic purism
",0
franz boas,"dear fellow linguists . i am a graduate student in taichung , taiwan . recently , i am interested in boas ' life , personality , and work . it is not easy to find the materials about him here . could anyone of you give me some suggestions , ( maybe ) materials . thank you so much for your good advices . rose huang
",0
ad : rate increase,"save hundreds of dollars per month on your home mortgage or rent payment and other household expenses ! go to : http : / / www . equitybuilder . net offer ends soon !
",1
query on sumerian initial ccs,"dear fellow subscribers ! in two recent articles claude boisson ( bsl 84 . 1 , 1989 : 201-233 ) and manfred schretter ( acta orientalia hafn . 54 , 1993 : 7-30 ) have argued for the possibility of positing ( tautosyllabic ) initial consonant clusters for the reconstructed level of sumerian , basing themselves mainly on the so-called "" proto - ea "" syllabary glosses of sumerian logographs . does anybody know if there have been earlier / other attempts to reconstruct ccv ( c ) syllables in sumerian or attempts to use "" multiple "" , i . e . "" phonetic transfer "" readings of sumerian logographs for purpos - ses of reconstruction , in the fashion of what sinologists commonly reconstruct in old chinese on the basis of "" jiajie - "" , "" xiesheng - "" "" yidu - "" readings of chinese characters . any pointers & references on this subject would be highly appreciated . best regards , wolfgang wolfgang behr sinologie , johann wolfgang goethe - universit t , frankfurt / main dantestr . 4 - 6 / vi , postfach 111 932 60054 frankfurt / main , frg fax : 069 / 798-2973 ; tel . ( o ) : 069 / 798-2852
",0
"infoseek ultimate ; new features , same site design","infoseek user : the infoseek coporation has released infoseek ultimate ; this is the same great infoseek you have grown to love , but it is even better ! more features , more services ( such as free email accounts ! ! ) , and best of all it is easier to use . you are invited to visit infoseek ultimate by following the instructions below . please follow them carefully , as visiting the standard "" infoseek . com "" address will not display infoseek ultimate . 1 . visit infoseek ultimate 's newest sponser "" jim carrey world "" at "" http : / / www . jimcarreyworld . com "" . 2 . at the bottom of the "" jim carrey world "" main page , there will be a banner graphic for standard infoseek . click on the banner to be redirected to infoseek ultimate . again , you must follow the above instructions in order to access infoseek ultimate . infoseek ultimate will not be available at the standard "" infoseek . com "" domain until mid - june . basically , you are getting a "" sneak peek "" of the future of infoseek . thank you for using infoseek ( & infoseek ultimate ) , john waltrip , infoseek promotions jwaltrip @ infoseek . com
",1
thief - proofing a car,"thief - proofing a car peripheral connections proves it can be done peripheral connection ( otcbb : pepo ) has made the world a safer place - at least if you are a car or own one . pepc 's wholly-owned subsidiary skynet 2001 has tested and proven its leading-edge technology which seamlessly marries global positioning and gsm digital cellular with a proprietay vecta in-vehicle motor - management control system - to totally thief-proof vulnerable trucks , high risk vans , and cars . skynet 2001 is tomorrow 's technology today . it wraps a vehicle in an invisible "" net ' of radio , electrical , electronic , mechanical , ultrasonic , telematics , and ever-watching satellite protection that spans continents . a lone driver attacked in an isolated spot anywhere is protected within 25 seconds - automatically skynet "" sees "" and "" hears "" a driver , vehicle , or its load under attack , or in a crash - and alerts emergency services . stealing keys is fruitless , the system remotely immobilizes the motor . operating by satellite and mobile phone , it "" sees "" a thief , hijacker , or crash in action . its control center talks to a thief in the act , through the vehicle 's telephone , saying he is being "" watched "" and reported , or in the event of an accident , it will tell a trapped driver and passengers that help is on the way while safely immobilizing the vehicle 's electrics and fuel supply . it also has many more applications , track-monitoring children , precious items , heavy duty plant and machinery , valuable cargo - even the movement of prisoners . = 46or more information on both the skynet product and peripheral connection 's exciting new speculative growth opportunities by e-mail hit reply with "" sky "" in the subject line or fax the following information for a free report . yes , please send me more information about skynet 2001 and peripheral connections . name : _ _ _ _ _ _ _ _ _ _ _ _ _ _ _ _ _ _ _ _ _ _ _ _ _ _ _ _ _ _ _ _ _ _ phone : _ _ _ _ _ _ _ _ _ _ _ _ _ _ _ _ _ _ _ address : _ _ _ _ _ _ _ _ _ _ _ _ _ _ _ _ _ _ _ _ _ _ _ _ _ _ _ _ _ _ _ _ _ _ _ _ _ _ _ _ _ _ _ _ _ _ _ _ _ _ _ _ _ _ _ _ _ _ _ _ _ _ _ _ _ _ _ _ _ _ e - mail address : _ _ _ _ _ _ _ _ _ _ _ _ _ _ _ _ _ _ _ _ _ _ _ _ fax to : 619-839 - 3687
",1
$ name,"nlpeople my 12 year old can make money with this software ! and she is ! free download at : http : / / members . tripod . com / ~ business _ opps _ 2 / psa1 . htm
",1
german-english automatic translator,"dear fellows , we are looking for an automatic translator of german - english . something to which a user can send texts in one of this languages and receive the translation into the other language . it can be a semi-automatic software where the translation is not ' high-end ' , but with quality enough to save some work to an office secretary . do someone know where to find ( shareware preferably ) such a software ? thanks , a . santos = = adelino santos - fraunhofer institute for computer graphics ( fhg - igd ) dept . of cooperative and hypermedia systems wilhelminenstr . 7 tel : + 49 6151 155239 64283 darmstadt fax : + 49 6151 155299 germany mail : santos @ igd . fhg . de
",0
prototypical vso lg ?,"i need good examples of "" consistent "" vso language for the typology chapter in an introductory textbook of linguistics . can anyone on the list name such a language and , if possible , provide me with concrete word order data ? by "" consitent vso language "" i mean one which exhibit all the following features : 1 ) the predicate verb generally occurs sentence-initially : e . g . kills mary bear . went john to school . 2 ) the attributive adjective follows the head noun : e . g . girl beautiful child small 3 ) the numeral follows the head noun : e . g . child ( ren ) three girl ( s ) ten 4 ) the genitive attribute follows the head noun : e . g . car john 's house father 's 5 ) the language is prepositional . e . g . in house on table or am i perhaps mistaken in assuming that a "" prototypical "" vso language should show all of the above mentioned features ? thank you in advance for enlightening me . kazuto matsumura kmatsum @ tansei . cc . u-tokyo . ac . jp - - - - - - - - - - - - - - - - - - - - - - - - - - - - - - - - - - - - - - - - - - - - - - - - - ilcaa , tokyo university of foreign studies nishigahara 4-51 - 21 , kita - ku , tokyo 114 japan tel : + 81 - 3-5974 - 3801 fax : + 81 - 3-5974 - 3838 - - - - - - - - - - - - - - - - - - - - - - - - - - - - - - - - - - - - - - - - - - - - - - - - -
",0
articulatory sinthesizer,"i ' m posting this message to ask if anyone knows of available articulatory synthesizer , commercial or public . i ' m working in a project about phonetic development from an articulatory approach . please respond to my personal address . thank in advance . alejandro c . renato dept . of computation fac . cs . exactas y nat . universidad de buenos aires arenato @ zorzal . dc . uba . ar
",0
xth conference of nordic and general ling .,"the tenth conference of nordic and general linguistics will be held in reykjavik , iceland , from saturday june 6 , to monday june 8 , 1998 . it is organized by the institute of linguistics , university of iceland . the deadline for pre-registration at a reduced price is january 31 , 1998 . pre - registration forms and further information can be found on our web site ( http : / / www . rhi . hi . is / ~ nordconf ) and can also be mailed or e-mailed upon request . papers on any linguistic topic are invited , especially papers on synchronic and diachronic aspects of the nordic languages . invited speakers : anders holmberg , tromsoe ( syntax ) tomas riad , stockholm ( phonology ) inge lise pedersen , copenhagen ( dialectology ) interest groups can ask to arrange special sessions ( workshops ) and at present the following are planned ( names of the workshop organizers in parentheses ) : comparative semantics for nordic languages ( elisabet engdahl ) optimality theory and nordic languages ( kersti boerjars ) the time allotted to each paper ( except for the invited talks ) is 30 minutes ( including discussion ) . participants who want to present a paper are requested to submit an abstract no later than january 31 , 1998 . abstracts may not exceed 2 pages with at least a 1 inch margin on all four sides and should employ a font not smaller than 12 pt . they should be sent anonymously in five copies , accompanied by a camera-ready original with the author 's name , address and affiliation . abstracts sent by e-mail will not be accepted . the authors will be notified about the acceptance of their papers by february 28 , 1998 . those interested in presenting papers in the special sessions ( workshops ) should consult the organizers of these ( engdahl @ ling . gu . se , k . borjars @ man . ac . uk ) . otherwise , correspondence should be addressed to : the xth conference of nordic and general linguistics institute of linguistics university of iceland arnagardi vid sudurgoetu \ 193rnagar \ 240i vi \ 240 su \ 240urg \ 246tu 101 reykjavik , iceland tel . + 354 525 4408 fax + 354 525 4242 e - mail : nordconf @ rhi . hi . is url : http : / / www . rhi . hi . is / ~ nordconf - - - - - - - - - - - - - - - - - - - - - - - - - - - - - - - - - - - - - - - - - - - - - - - - - - - - - - - - - - - - - - - - - - - - - - - - - - - - - - - h \ 246skuldur \ 222r \ 225insson hoskuldur thrainsson heimspekideild department of icelandic h \ 225sk \ 243la \ 205slands university of iceland \ 193rnagar \ 240i v . su \ 240urg \ 246tu arnagardi v . sudurgoetu 101 reykjavik 101 reykjavik , iceland netfang : hoski @ rhi . hi . is e-mail hoski @ rhi . hi . is simi : 525-4420 ( i vinnu ) phone : ( 354 ) 525-4420 ( office ) 566-7141 ( heima ) ( 354 ) 566-7141 ( home ) br \ 233fsimi : 525-4242 ( i vinnu ) fax : ( 354 ) 525-4242 ( work ) 566-8141 ( heima - ( 354 ) 566-8141 ( home - ef l \ 225ti \ 240 er vita fyrirfram ) if notified in advance )
",0
cilca vii,"how long does it take for this to come out on the list ? ? ? ? ? ? cilca vii septimo congreso internacional de literatura centroamericana in nicaragua march 17 - 19 , 1999 special call for papers although this conference is principally geared toward central american literature , we are making a special call to linguists for research on central american linguistics . we were quite succesful with our special linguistics sessions in the 1995 conference . please submit abstracts ( one page ) and proposals for special sessions no later than november 16 , 1998 to : alberto rey department of modern languages & literatures howard university washington , d . c . 20059 office : ( 202 ) 806 - 4926 fax : ( 202 ) 806 - 4514 you may also email the abstracts to me at : arey @ fac . howard . edu alberto rey , ph . d . arey @ fac . howard . edu / alrey @ erols . com associate professor dept . modern languages & literatures howard university office : ( 202 ) 806-4952 / 6758 washington , dc 20059 fax : ( 202 ) 806-4514
",0
"augias , linguistic special issue","the recent number 52 of the journal augias has just appeared . it is the first linguistic special issue , edited by volkmar engerer , and contains 3 papers : - volkmar engerer : haben die inlands - und auslandsgermanistik verschiedene ( grammatische ) regeln ? ( do germanist studies in germany and abroad have different ( grammatical ) rules ? ) - nathalie nicolay : "" ich bin hier auf ' m flur , da is ' keiner mehr "" : zur verwendung raeumlicher deiktika in telefongespraechen "" ( use of local deixis on the telephone ) - frank beckmann : ereignisse , thematische rollen und die lizensierung von adverbialen in mittelkonstruktionen ( events , thematic roles and licensing adverbials in middle constructions ) for questions concerning the subscription of augias contact volkmar engerer . an augias website is in preparation . _ _ _ _ _ _ _ _ _ _ _ _ _ _ _ _ _ _ _ _ _ _ _ _ _ _ _ _ _ _ _ _ _ _ _ _ _ dr . volkmar engerer , associate professor - lecturer in german / tysk lektor / deutscher lektor - the department of german / institut for germansk filologi university of aarhus / aarhus universitet ndr . ringgade , bygn . 326 dk-8000 arhus c denmark tel ( + 45 ) 8942 2109 fax ( + 45 ) 8619 1699 e - mail gerve @ hum . aau . dk homepage http : / / www . hum . aau . dk / dk / germansk / gerve / home . htm
",0
get your bills under control with monthly bill manager 98 / 99,"look for a great program to get your bills under control . then look no futher , it is here and it 's called monthly bill manager 98 . download . com gives it most popular and top picks . review from zdnet ( 5 out of 5 stars ) monthly bill manager 98 is a personal-finance management system . it enables you to easily track your bills , payments , credit cards , \ loans , savings , and checking on a monthly basis . set your own groups to link bills , then budget your payments . the attractive interface offers lots of power , with a multipane window tabbed and indexed to put all of the controls at your fingertips . drag and drop payments into envelopes for the current month or preset your payments and transfers to minimize routine activities . you can choose from an editable icon library to mark your various accounts and payments . reports summarize your data to quickly show what your financial status is . the wizard-style setup sequence gets you up and running quickly by establishing your accounts , payments , and groups . on - line help , a text manual , sample data , and control tooltips provide assistance in learning the program features . if you need a powerhouse tool to track your bills and budgeting , take a look at monthly bill manager 98 . you can download the full working version and try it for 45 days . download monthly bill manager 98 http : / / www . mjksw . com / shareware / mbm98 . exe download monthly bill manager 99 ( beta ) http : / / www . mjksw . com / shareware / mbm99s . exe order it online at https : / / www . ecverify . com / ecverify / ssl / vendor / 111 * * * * * * * * * * * * * * * * * * * * * * * * * * * * * * * * * * * * * * * * * * * * * * * * * * * * * * * * * * * * * * * * * * * * * * * * * * * * * * * * * * * order monthly bill manager 98 before april 1st and get monthly bill manager 99 free * * * * * * * * * * * * * * * * * * * * * * * * * * * * * * * * * * * * * * * * * * * * * * * * * * * * * * * * * * * * * * * * * * * * * * * * * * * * * * * * * * * marc a . hale mjk software writers , inc . http : / / www . mjksw . com marchale @ mjksw . com
",1
stocks on the move !,"pdc innovative industries inc . ( symbol pdci ) , otc bulletin board is prepared for a big move says stock market analysts . recently reverse split 40 for 1 and currently trading at 4 dollars per share . if the stock hits 3 split level the price could easily hit 10 to 12 dollars per share . pdci recently announces major news concerning production and sales projections . for more info check dow jones historical new .
",1
3rd annual interdisciplinary conference,"- - - - - - - - - - - call for papers - - - - - - - - - - announcing our 3rd annual interdisciplinary conference border surjects 3 : ( dis ) locations of culture october 8-10 , 1988 , ay illinois state university , normal il papers and presentations invited on the following topics : * the politics of official language policy * the ebonics controversy * immigration history and language policy in the u . s and other countries * the threat to other dialects and ethnic groups to learn the surrounding majority language in the u . s . and other countries . * social and political pressures on bilingualism including the ramifications for such programs as bilingual education the conference welcomes diverse and creative interpretations of its topics . send abstracts proposals for papers ans panels ( 250 words ) to : ron strickland english department illinois state university normal il 61790-4240 e-mail : rlstrick @ ilstu . edu please send abstracts and proposals via email if possible . dealine for abstracts and proposals : june 30 , 1998 for more information , contact ron strickland : ph : 309-438 - 7907 email : rlstrick @ ilstu . edu
",0
,"need a photomask ? search no further . . . adtek photomask has been looking for you ! adtek is a photomask supplier that offers extended services and guarantees quality products at a competitive price . exrended services at adtek photomask . . . facilitating the photomask order process from the very beginning and promoting your understanding of the cad procedure this is our specialty and so , it is our priority ! eager to assist you in every possible way experienced in servicing universities worldwide adtek photomask meets all of your photomask needs . interested ? please reply to : serveu @ adtekphotomask . com please visit our web site : www . adtekphotomask . com
",1
diachronica xv : 1,"the spring 1998 issue of diachronica , vol . 15 , no . 1 , has just been published . it contains : _ articles _ michel ferlus , les syste ` mes de tons dans les langues viet-muong martin haspelmath , the semantic development of old presents : new futures and subjunctives without grammaticalization tomas riad , the origin of scandinavian tone accents donald winford , on the origins of african american vernacular english : a creolist perspective , part ii : linguistic features _ reviews _ gary bevington , where do words comes from ? an introduction to etymology . rev . by rex wallace jose ' del valle , el trueque s / x en el espan ~ ol antiguo . rev . by dieter wanner gereon franken , systematische etymologie : untersuchung einer ' mischsprache ' am beispiel des shakespeare - wortschatzes . rev . by terence odlin andreas jucker , historical pragmatics . rev . by nick nicholas christian lehmann , thoughts on grammaticalization . rev . by bernard comrie . _ miscellenea _ j . c . smith , report on the 13th international conference on historical linguistics saul levin , reply to bomhard 's review of levin ( 1996 ) _ publications received _ for subscription information , contact john benjamins publishers at < customer . services @ benjamins . nl > ; for submission information , contact konrad koerner < koerner @ uottawa . ca > or brian joseph < bjoseph @ ling . ohio-state . edu >",0
semcom : webnet journal : announcement & call for participation,"webnet journal : internet technologies , issues , business & education * * http : / / www . aace . org / pubs / webnet * * > > 1st announcement & call for articles & reviewers < < the webnet journal is a new quarterly print magazine focusing on www , internet , and intranet - based technologies , applications , research , and issues . published by aace , the organizer of the successful and respected webnet conference series ( http : / / www . aace . org / conf / webnet ) , the premiere issue will be available november 1998 . the webnet journal is designed to be an innovative international collaboration between and forum for the top academic and corporate laboratory researchers , developers , business people , and users . * * * * * * * * * * the journal is seeking contributors as authors , columnists , book reviewers , editorial review board members , and associate editors . * * * * * * * * * * major article topics include : - - - - - - - - - - - - - - - - - - - - - - - - - - - - - - - - - - - - - - educational applications - commercial , business , professional , and community applications - general web tools and facilities - societal issues , including legal , standards , and international issues - ergonomic , interface , and cognitive issues - electronic publishing and digital libraries - personal applications and environments - web technical facilities ( for a list of subtopics , see http : / / www . aace . org / pubs / webnet / scope . htm ) all feature articles are carefully peer-reviewed and selected by a respected international editorial review board based on merit and perceived value of the content for readers . columnists offer how-to articles and expert commentary on the latest developments . the corporate development department showcases the latest products and discusses new developments . the abbreviated online version of the webnet journal will offer timely publication of article abstracts , columns , and related news . > links < webnet journal main page - - http : / / www . aace . org / pubs / webnet scope - - http : / / www . aace . org / pubs / webnet / scope . htm call for authors & reviewers - - http : / / www . aace . org / pubs / webnet / call . htm author guidelines - - http : / / www . aace . org / pubs / webnet / guidelines . htm article submission form - - http : / / www . aace . org / pubs / webnet / submit how to subscribe - - http : / / www . aace . org / pubs / webnet / subscribe . htm if you are interested in contributing as an author , article or book reviewer , columnist , or associate editor , please return the form at http : / / www . aace . org / pubs / webnet / call . htm or contact : webnet journal / aace p . o . box 2966 charlottesville , va 22902 usa e - mail : aace @ virginia . edu ; 804-973 - 3987 ; fax : 804-978 - 7449 http : / / www . aace . org",0
wml : deadline extended,"workshop on mathematical linguistics ( wml ) pennsylvania state university , april 17 , 1998 submissions deadline extended : january 24 information at http : / / www . urv . es / centres / grups / grlmc / index . html ( . ps files are preferred )
",0
"offering closes march 31 , 1999","offering closes march 31 , 1999 this announcement is not an offer to sell nor a solicitation of an offer to buy these securities . the offering is made only by the prospectus . net world marketing , inc . 10 , 000 , 000 common shares _ _ _ _ _ _ _ _ _ _ _ _ _ _ _ _ _ _ _ _ _ price $ 0 . 10 per share _ _ _ _ _ _ _ _ _ _ _ _ _ _ _ _ _ _ _ _ _ copies of the prospectus may be obtained directly from the company . copies of the prospectus may be obtained only in such states where the offering may be legally distributed . net world marketing , inc . 400 n . woodlawn , suite 18 wichita , ks 67208 tel : ( 800 ) 992-6616 fax : ( 316 ) 688-0998
",1
view the hollander collection,"view the hollander collection t h e h o l l a n d e r c o l l e c t i o n f i v e a r t i s t s . o n e f a m i l y gino hollander . painting jim hollander . photography siri hollander . sculpture to view : http : / / www . hollanderart . com scott hollander . photography barbara hollander . writing
",1
junk mail : books for linguists,"plurabelle books has a new catalogue of second hand and out of print books in linguistics and history of linguistics available . it contains 250 titles . please ask for your free copy of the catalogue ( please include your mailing address if you want a paper copy ) or visit us on the net http : / / www . plurabelle . co . uk / lingu . htm or write to dr michael cahn plurabelle books 77 garden walk cambridge cb4 3ew tel 0044 - 1223 - 366680 , fax - 571105 lingu @ plurabelle . co . uk we only sell books we would like to read open anytime at http : / / www . plurabelle . co . uk
",1
14th comparative germanic syntax workshop,"second announcement call for papers the 14th comparative germanic syntax workshop january 8 - 9 , 1999 , lund , sweden invited speakers : kenneth j . safir , rutgers jan - wouter zwart , groningen deadline for submission of abstracts : august 1 , 1998 the time allotted to each paper is 30 minutes , with an additional 10 minutes for discussion . send 3 copies of an anonymous two-page abstract , plus a camera-ready original with authors name , address , and affiliation , to 14th cgs c / o asa wikstrom institutionen fr nordiska sprk helgonabacken 14 s-223 62 lund sweden enquiries can be addressed to : christer . platzack @ nordlund . lu . se http : / / www . nordlund . lu . se / cgs
",0
history of the phonetic sciences in the united states,"call for contributions a volume tentatively entitled "" a guide to the history of the phonetic sciences in the united states "" is being prepared for initial distribution at the xivth international congress of the phonetic sciences , to be held in san francisco , august 1 - 7 , 1999 . this book , edited by arthur bronstein , john ohala , and william weigel , will be the first of its kind and promises to be a reference work of continuing value . we seek volunteers to contribute short biographical entries ( c . 200 to 800 words ) including a bibliography on about 75 americans who have played a significant role in the development of the phonetic sciences . the deadline for submission is june 30 , 1998 . you can find a style sheet , a sample contribution , and a list of suggested subject individuals at our website : http : / / trill . berkeley . edu / icphs / history / in order to avoid duplication of effort , contributors should inform us as soon as possible ( preferably by email , at the following address ) of the subjects of their proposed contributions . for further information , please email us at : icphs99 @ trill . berkeley . edu or write to us at : icphs99 university of california department of linguistics 1203 dwinelle hall berkeley , ca 94720-2650
",0
colloque : plurilinguisme et enseignement,"integrated in teh activities promoted by the grif ( groupe de reflexion interdisciplinaire sur le franais ) , the language department of the university of the algarve , faro , portugal , has promoted a scientific meeting on plurilingualism and teaching , to be held on the 4th and 5th of june . this meeting aims to foster the debate and the reflection of students , teachers , educators and supervisors on the subject of teaching a foreign language in multilingual and multicultural contexts . communications to be presented focus on the isuues of foreign language acquisition and development and also on the analysis of factors related to the foreign language learning and teaching process . invited professors : daniel coste - ens - saint cloud bernard py - universit de nuchatel more informations : http : / / www . ualg . pt / uceh / noticias . html
",0
knowledge about language bibliography,"association for language awareness knowledge about language and language awareness : an annotated bibliography by richard aplin isbn 0 9530906 0 4 over 600 items listed descriptive annotations for books full indexing under auther name classified under : teaching materials language in education the study of language the study of the english language articles in periodicals works of reference price 10 pounds sterling ( post free in uk and europe ) 2 pounds extra for postage elsewhere available from richard aplin at the address below . please make cheques payable to association for language awareness - - - - - - - - - - - - - - - - - - - - - - - - - - - - - - - - - - - - - - - - - - - - - - - - - - - - - - - - - - - - - - - - - - | richard aplin | tel : + 44 ( 0 ) 116 252 3692 | university of leicester | school of education | fax : + 44 ( 0 ) 116 252 3653 | 21 university road | leicester le1 7rf | e-mail : trwa1 @ le . ac . uk - - - - - - - - - - - - - - - - - - - - - - - - - - - - - - - - - - - - - - - - - - - - - - - - - - - - - - - - - - - - - - - - - -
",0
our knowledge of human language : current perspectives,"nuestro conocimiento del lenguaje humano : perspectivas actuales our knowledge of human language : current perspectives chomsky , noam ( 1998 ) : nuestro conocimiento del lenguaje humano : perspectivas actuales . our knowledge of human language : current perspectives . a spanish / english bilingual edition by sally barros and emilio rivano . spanish translation and notes by german westphal . isbn 956-7003 - 46 - 7 ediciones universidad de concepcion & bravo y allende editores , santiago , chile , 1998 . the book is based on the lecture noam chomsky gave at the universidad de concepcion , chile , in november of 1996 , and it includes his remarks and comments during the follow-up discussion . for further information , contact : emilio rivano programa de doctorado en linguistica universidad de concepcion casilla 82 - c , correo 3 concepcion , chile fax : ( 56 ) 41 25 91 08 erivano @ udec . cl * * * * * * * * * * * * * * * * * * * * * * * * * * * * * * * * * * * * * * * * * * * * * * * * * * * * * * * * * * * * * * * * * * * * * * * * * dr . german f . westphal * office : no summer office hours * * modern languages & linguistics * tel : 410-455 - 2109 * * 134 academic building iv , b wing * fax : 410-455 - 1025 * * university of maryland * pager : 410-389 - 6049 * * baltimore county , md 21250 , u . s . a . * e - mail : < westphal @ umbc . edu > * * * * * * * * * * * * * * * * * * * * * * * * * * * * * * * * * * * * * * * * * * * * * * * * * * * * * * * * * * * * * * * * * * * * * * * * * webpage w / scholarship , art work , short stories & poetry http : / / research . umbc . edu / ~ westphal",0
attention smokers quit smoking immediately,"be a non-smoker in 7 days ! ! ! with kick-it * kick - it works 96 % of the time ! * supresses your craving for smoking , and eating ! * significant smoking reduction in just 48 hours ! * your system detoxified & nicotine - free in 7 days ! * the patch works only 22 % of the time * the gum works only 6 % of the time * a percentage of each sale donated to project dare ! click on the link below to learn more about kick - it http : / / www . freeyellow . com / members6 / vesl99 / to be removed from our mailing list click whitehores7 @ hotmail . com and place remove in the subject
",1
language & cognition lectures,"the blackwell / maryland lectures in language & cognition may 18-20 , 1998 university of maryland the atrium , adele h . stamp student union 2 - 5 pm presenting the best of contemporary research and debate on language and its ties with cognitive science . these lectures , sponsored by blackwell publishers , will be delivered every other year at the university of maryland , college park . the development of language , lectures by david lightfoot may 18 - marx , darwin & the 19th century linguists may 19 - 20th century historicism may 20 - children as cue - based learners for more information please contact the university of maryland linguistics department at : 301-405 - 7002
",0
noun 's restriction on its clausal modifier in english,"my colleague from new zealand pointed out that ( 1 ) sounds much more natural than ( 2 ) while ( 2 ) is also grammatically acceptable . can anybody provide a formal account of why ( 1 ) sounds more natural than ( 2 ) ? please respond directly to me at kuchida @ nova . co . jp . i will post a summary if appropriate . thank you . ( 1 ) this is the first time that i have sent a message to the mailing list . ( 2 ) this is my first time to send a message to the mailing list . = = = = = = = = = = = = = = = = = = = = = = = = = = = = = = = = = = = = = = = = = = = = = = = = = = = = = = = = = kaz uchida nova , inc . email : kuchida @ nova . co . jp = = = = = = = = = = = = = = = = = = = = = = = = = = = = = = = = = = = = = = = = = = = = = = = = = = = = = = = = =
",0
for your urgent attention,"if you ' re still so happy with your job , how come you ' re reading this email ? to search our database of over 5000 it , telecoms , finance and sales positions , check out www . taps . com / jobs , europe 's leading online recruitment website . taps . com is a free and confidential service .
",1
cliticization,"call for papers : cliticization a conference on cliticization will be held at bordeaux ( france ) from the 24 to the 26th of september 1998 . the conference should focus on "" special clitics "" . communications bearing on diachronic as well as synchronic problems are welcome . i if you want to submit a paper , please send a ( provisory ) title and a short summary before the 15th of april 98 . informations and summaries : muller @ montaigne . u-bordeaux . fr or fax : + 33 556 84 52 93 postal address : claude muller universite de bordeaux-3 sciences du langage f-33405 talence cedex ( france ) . claude muller universite de bordeaux-3 ufr lettres domaine universitaire f-33405 talence fax : + ( 33 ) 556845293 e-mail : muller @ montaigne . u-bordeaux . fr
",0
palc97 proceedings,"announcing the following publication : practical applications in language corpora the proceedings of palc97 editors : barbara lewandowska-tomaszczyk & patrick james melia includes papers given at the conference by : barbara lewandowska - tomaszczyk , tony mcenery , andrew wilson , michael hoey , lou burnard , guy aston , patrick hanks , philip king , stig johansson , bengt altenberg , bernhard kettermann and many others . to order this 578 - page volume , which includes 39 papers , please contact : patrick james melia at pjmelia @ krysia . uni . lodz . pl barbara lewandowska - tomaszczyk at blt @ krysia . uni . lodz . pl or write to : ' palc97 ' professor b . lewandowska - tomaszczyk , chair of english language , university of lodz , al . kosciuszki 65 , lodz 90-514 poland
",0
50 + positions in japan : o - hayo sensei # 11 now available,"issue # 11 ( 6 / 16 / 97 ) of o - hayo sensei , the free e-mail newsletter of ( teaching ) jobs in japan , lists over 50 currently available positions . also included are current exchange rates , airfares , and a unique classified ad section that puts you in touch with japan / teaching-related information ( and people ! ) from around the world . receive issue # 11 free by sending an e-mail message with the text string "" get issue "" in the body ( or subject ) to mailto : issue @ ohayosensei . com the complete issue will be e-mailed back to you within a few hours . or you can check the www site http : / / www . ohayosensei . com for a preview and more information . good luck ! lynn cullivan editor , o - hayo sensei editor @ ohayosensei . com
",0
english ` a ' versus ` some ',"could someone direct me to literature concerned with the semantics of english ` a ' contrasted with english ` some ' ? of course , details of relevant literature dealing with any language other than english would also be most welcome . i would appreciate it if you could e-mail me directly , i will post a summary if appropriate . many thanks in advance , - shravan vasishth university address : dept . of linguistics , osu , 1712 neil ave . , columbus , oh 43210 , ( usa ) office phone : ( 1-614 ) - 292-3802 home [ and preferred mailing ] address : 549 harley drive # 10 , columbus , oh 43202 , ( usa ) home phone / fax : ( 1-614 ) - 268-8217
",0
public service notification,"notification ! ! . . government reports indicate that personal bankruptcies have recently increased 300 % . if you , a friend , or a relative are considering the possibility of bankruptcy , . . . . before spending hundreds or thousands of dollars with an attorney , we urge you to visit the website at : http : / / server8 . hypermart . net / bankam $ 99 . . . . american bankruptcy will prepare your personal bankruptcy petition for just . . . $ 99 . life is short ! give yourself a break ! get a fresh start for just $ 99 . there is no need to reply to be removed from this mailing . pursuant to proposed federal legislation , you will be notified only once . thank you for your thoughtful consideration ; american bankruptcy
",1
phonetics texts,"i am about to put together a course on practical phonetics for future high school english language teachers in taiwan . the course is also supposed to include pronunciation and intonation practice , with the intention of helping to break the cycle of poor pronunciation being passed down from teacher to student , generation after generation . does anybody have any suggestions regarding what textbooks to use ? please write to me privately and i will post a summary . happy estivating , karen steffen chung national taiwan university karchung @ ccms . ntu . edu . tw
",0
linguists needed,"resource center for cyberculture studies site url : < http : / / otal . umd . edu / ~ rccs > since its initial launch in january 1997 , the resource center for cyberculture studies has more than doubled in size and content . in addition to three new sections / wings - - "" internet interviews , "" "" conversations / collaborations , "" and "" book of the month "" ( coming july 1 ) - - the other sections , including "" courses in cyberculture "" and the "" annotated bibliography "" have grown considerably . what rccs lacks , however , is a healthy amount of essays , links , and research on cyberculture from a * linguistic perspective . * taking this into account , i am inviting all interested linguist list members to visit rccs and send along any comments , questions , and / or suggestions to help improve this avenue . of course , all other suggestions are welcome too ! the site is located at < http : / / otal . umd . edu / ~ rccs > david silver , resource center for cyberculture studies phd student , american studies , university of maryland < rccs @ otal . umd . edu >",0
yan fu 's principles,"dear sir \ dear madame , i am an italian transalator . m languages are chinese and russian . i am interested in the theory of translation ( fanyi lilun ) . i would like to study yan fu and his principles "" xin , da , ya "" . where can i find materials ? is there anything about yan fu in internet ? thank you for attention . xiexie ni de bangzhu paolo galvagni , bologna , italy
",0
nominalization in spanish,"can anyone refer us to studies on processes of nominalization , especially of infinitivs , in spanish ? please , send your answers to ebogomil @ estud . colmex . mx i will send a summary of the answers to the list . thanks in advance , elena bogomilova lozanova
",0
book : language acquisition,"language acquisition proceedings of the 22nd annual boston university conference on language development edited by annabel greenhill , mary hughes , heather littlefield , and hugh walsh issn 1080-692x isbn 1-57473 - 032 - 0 ( 2 volume set ) $ 50 . 00 paperback , 796 pages published in 1998 by cascadilla press these proceedings contain 71 papers from last november 's conference , covering a wide range of areas in language acquisition and language development . the volumes include the keynote address by annette karmiloff - smith and the plenary address by luigi rizzi . the table of contents and other details can be found on our web site at http : / / www . cascadilla . com / bucld . html or you can send a blank e-mail at bucld22 @ cascadilla . com to have the order form and table of contents automatically sent to you by e-mail . cascadilla press phone : 1-617 - 776-2370 fax : 1-617 - 776-2271 sales @ cascadilla . com http : / / www . cascadilla . com
",0
"re : 8 . 836 , galore ?","i just read , belatedly , alan harris 's communication re punctuation . what struck me was not the inappropriate "" ' "" , but the word ' galore ' . what the heck is that ? is it an obligatorily post-posed adjective ? is it unique in english ? it can't be a matter of idiomatic phrases , since it seems to me it can be added to noun plural or mass noun : come out to our ranch , we ' ve got horses galore , cattle galore , sheep galore , etc . jules levin
",0
punctuation,"have just come across your mailing on the 12 may re : punctuation . there is an email punctuation discussion group . the subscription address is ( as far as i can remember ) : punct-l @ milwaukee . tec . wi . us hope that this is of some use . caroline ~ ~ ~ ~ ~ ~ ~ ~ ~ ~ ~ ~ ~ ~ ~ ~ ~ ~ ~ ~ ~ ~ ~ ~ ~ ~ ~ ~ ~ ~ ~ ~ ~ ~ ~ ~ ~ ~ ~ ~ ~ ~ ~ ~ ~ ~ ~ ~ ~ ~ caroline ann leathem ~ ~ msc . in speech and language processing ~ ~ edinburgh university ~ ~ ~ ~ email : cleathem @ ling . ed . ac . uk ~ ~ ~ ~ ~ ~ ~ ~ ~ ~ ~ ~ ~ ~ ~ ~ ~ ~ ~ ~ ~ ~ ~ ~ ~ ~ ~ ~ ~ ~ ~ ~ ~ ~ ~ ~ ~ ~ ~ ~ ~ ~ ~ ~ ~ ~ ~ ~ ~ ~
",0
sum : expressions like ' put them away yet ? ',"a big thank you to the persons who commented on my query ( linguist , vol . 8-808 ) on expressions like ' put them away yet ? ' : j . atkinson , r . m . brend , b . clark , c . davenport , d . dee , m . donohue , m . farris , n . frishberg , d . harris , j . hilferty , l . horn , d . houghton , p . lesourd , r . mc callister , c . d . nilep , j . reighard , p . svenonius , m . swart , g . h . toops , l . trask , r . wright the result is quite definite . a ) my impression that ( 2 ) see them yet ? ( 3 ) get them yet ? ( 4 ) write him yet ? ( 5 ) hear it yet ? will have a present tense reading , and that a simple past reading is not possible , has been rejected almost unanimously by my informants ( only a couple of british english speakers among them ) . for most of them the simple past interpretation is in fact dominant over the present tense interpretation ; some informants even have difficulties in imagining an appropriate situation for a present tense reading ; others , though , have reported no problems here . b ) when expressions such as ( 2 ) - ( 5 ) are used with a non-present tense meaning , there is no distinction made and perceived between meanings associated with simple past in contrast to present perfect in other constructions . ( this , then , supports bolinger saying with respect to ' put them away yet ? ' : "" i do not force you to an either-or choice between the two compatible meanings ' did you put them away yet ? ' and ' have you put them away yet ? ' , in spite of formal differences , elsewhere in the structure between _ see _ , and _ seen _ , _ do _ and _ done _ , _ go _ and _ gone _ , etc . "" . and this is what i referred to in my query as ' indeterminedness ' of meaning in contrast to ' ambiguity ' . ) c ) a number of further comments have been made , e . g . concerning the influence of context on the interpretation of these expression ; concerning the influence of the semantic class of the verbs in these expressions on their interpretation ; concerning the influence of the presence of _ yet _ . meanwhile i have found the following note in quirk et al . 's _ comprehensive grammar of the english language _ : "" in ame , the simple past is often preferred to the present perfective for the variants of the indefinite past discussed in this section [ 4 . 22 ] . compare [ _ have the children come home yet ? _ ] , for example , with _ did the children come home yet ? _ < esp ame > . "" dr . carsten breul englisches seminar universitaet bonn regina - pacis - weg 5 53113 bonn germany e-mail : c . breul @ uni-bonn . de",0
you gotta see this . . . .,"make thousands of dollars from the spam you get ! get thousands of e-mail addresses ! here is something that will make you money , costs only $ 5 , and helps solve the spam problem on the net . click here : http : / / wasi . com / safeaddress / info . idc ? reg = 1685 thanks ! ! !
",1
warning !,"warning ! you ' re about to see something great ! if you are interested , = visit this web site . . . . http : / / 207 . 36 . 85 . 71 or click here !
",1
"save hundreds at restaurants , groceries and airlines","double coupon books ! just - - $ 40 - - a low one time purchase gets the following : $ 500 grocery coupon book $ 300 fast food restaurant coupon = all of the top name places first time on the market ! this program is : * simple ! * easy ! * easy to duplicate ! * affordable ! get - a - way checks - - complimentary $ 500 airline discount coupon book your books arrive in days of your order coupons redeemable at participating retailers . fax - on - demand : ( 619 ) 622-0073 ext . 1116-01 # or 02 # this information is contained in the website request information or ask questions information hotline ( 916 ) 486-5580
",1
judging at eisteddfodau,"i would like information on award-giving at eisteddfodau , particularly from someone who has taken part in a number of them . please respond directly to me : ormsby @ servidor . unam . mx diolch am fawr . * * * * * + + + + + * * * * * harold ormsby l . centro de investigaciones y estudios superiores en antropologia social ( ciesas ) mexico ormsby @ servidor . unam . mx
",0
"re : big vs . large , et al","i would appreciate any thoughts on any differences in meaning between big and large as well as small and little . i am attempting a monosemic approach ( at the insistance of the professor ) which maintains that each word must have one meaning . we tell esl students that they mean the same thing , yet we constantly correct their choices because they do n't use the right one . how can we tell them to use the right one if we can't tell them what the right one is ? any answers or thoughts on the subject would be appreciated . my email address is browndeb @ aol . com , or if you think anyone else would be interested , the multiple recipients address [ linguist @ tamvm1 . tamu . edu ] is good . thanks in advance . deborah brownstein
",0
request for discourse list,"dear linguists i 'd like to know if there are any listservs on discourse anlysis text linguistics and pragmatics . thanks gul durmusoglu
",0
re : 6 . 192 latvia 's language policy,"what about giving martin the benefit of the doubt and assume that "" russian - speaking estonians "" is a slip of the keyboard for "" russian - speaking latvians "" ? hartmut haberland
",0
teeth bleaching & whitening kit,"your dentist can whiten and bleach your teeth at a cost of $ 300 - $ 600 . = this process has been successfully utilized by dental professionals for over 8 years . do it yourself and save $ $ $ . purchase the identical kit from a = manufacturer that supplies dentists . only $ 135 . us for internet consumers , shipped worldwide . visit the american dental supply , llc website at = http : / / www . teethwhite . com
",1
re : 6 . 293 words that are their own opposites,"sue morrish 's posting on shame in australian reminded me of a weird fact about the same word in south african english , according to some sa friends . this is that "" shame ! "" is used as an exclamation of joy by , for example , old ladies seeing a newborn baby or a fluffy animal . the supposed explanation is that "" shame ! "" as an exclamation of disapproval became an exclamation of sympathy for somebody who has been ill-treated ( so far , this parallels a shift that i ' m familiar with too ) . it then bleached out still further in sa to a mere "" back channel utterance "" , indicating that the listener was still paying ( sympathetic ) attention , and then became a positive expression of pleasure . can anybody confirm either the data or the explanation ? btw , wrt benji wald 's posting , i understood the origin of a ' lucus a non lucendo ' to be st isidore of seville 's _ origines sive etymologiae _ ( 7th c ) - according to father dinneen 's book on the history of linguistics i think . john t waterman in his little book perspectives on linguistics ( 1963 ) gives another example from the same source : bellum ( war ) from bellus ( beautiful ) , because war is far from beautiful ! regards , paul werth
",0
query : japanese dialects,"content - length : 1148 dear linguist list subscribers , i need information of any kind regarding ' innovative ' and ' conservative ' dialects and / or variations in japanese . unfortunately , i must ask that any data sent be in english ; i am fully aware of how much of a limitation this creates . thank you in advance for your cooperation and consideration . please reply directly to me at : ganelin @ netcom . com david ganelin
",0
summer school courses in japanese,"content - length : 1083 i am an undergraduate major in linguistics and will be going to japan to teach english next fall . i would like to inquire about summer school courses in japanese that stress communicative competence at the beginning level , preferrably on the east coast . are there any , and what are the specifics ? thank you in advance . robert ball jball @ pomona . edu
",0
autoantonyms,"a book that is "" in print "" when it is said that such-and - such author has x hundred thousand books "" in print "" can actually be out of print from the standpoint of the potential purchaser of that book . frank y . gladney .
",0
reduplicative constructions and polarity,"moravscik ( in greenberg 's language universals ) notes that reduplicative constructions that do not fulfill a purely grammatical function usually intensifies the base morpheme . sometimes , though , it may actually have the exact opposite function : it de-intensifies the base morpheme . i am interested in the connection between this process and the process by which the literal message of a sarcastic utterance assumes the exact opposite meaning by means of a conceptually similar feature : exaggeration ( of , say , amplitude , duration , pitch , or clarity ) . does anyone know of any further research on this particular phenomenon ? any speculations ? perhaps there is an intimate connection here with the polarity-based cognitive mapping givon ( in negation in language : pragmatics , function , ontology ) proposed ? sincerely , anders lars anders joensson macalester college email : ljonsson @ macalstr . edu
",0
aum shinri kyo,"content - length : 1513 what is aum ? the japanese police are currently investigating a religious sect called "" aum shinri kyo "" in relation to last week 's gas attack on the tokyo subway . aum shinri kyo has been translated as "" sublime truth "" in the press . with my limited knowledge of japanese , i know that shinri can be glossed as ' truth ' and kyo is a sino - japanese morpheme found at the end of the names of many if not most religions . aum , however , is a bit of a puzzler . japanese phonology only allows syllable-final [ m ] as an allophone of / n / before labial consonants , which is not the case here . does anyone know what this aum means , where it comes from , and if it is pronounced with a final [ m ] by speakers of japanese ? david p . baxter urbana , illinois dbaxter @ uxa . cso . uiuc . edu
",0
+ 0100,"kulbrandstad ) a colleague who does not yet have access to the net , has asked me to post this query : the word leisure in american english may rhyme with seizure or pleasure . can anyone answer the following : 1 . which pronuniciation is more common - / e / or / i / ? 2 . does the individual 's choice reflect regional patterns , social class , or some other factor ? i would also like to ask the same questions about the presence or absence of / l / in ga : calm , palm , psalm , almond etc . thanks in advance . lars anders kulbrandstad hedmark college , norway lak @ hamarlh . no
",0
nez perce,"does anybody know where i can get ahold of phinney 's ( sp ? ) grammar of nez perce ? i was told that a certain dr . haruo aoki at uc berkeley has written a grammar of the language in which he refers to this work , and i would like to know where i can find it . if you have any information , please address to wied6480 @ varney . idbsu . edu . jack wiedrick
",0
language issues for southwest indian migrants,"is there any information available on people from the state of kerala ( speakers of malayalam ) who have migrated to other states / countries and the language issues that they face ? i ' m after any papers / research / etc on language behaviours ( ie code-mixing / switching , incorporation of non - malayalam lexemes / grammar , "" malglish "" ( malayalam & english ) or colloquialisms / slang that follow non - malayalam word conjunctions eg : andhi-thalla = dick-head ) and on language issues facing migrant malayalee communities ( ie language maintenance , language change etc ) . does anyone know of any good sources of information ? asha rajan centre for aboriginal studies curtin university of technology perth western australia australia "" as kingfishers catch fire , dragonflies draw flame "" ( gm hopkins )
",0
words that are their own opposites,"st isidore of seville may well be the source of "" lucus a non lucendo , "" as paul werth suggests . however , it 's no accident that benji wald attributed this ' etymology ' to varro ( 116-27 b . c . e . ) , as the latter is responsible for such etymological gems as vallum . . . quod ea varicare nemo posset "" _ vallum _ ' camp wall ' because no one could _ varicare _ 's traddle over it ' "" ( _ de lingua latina _ : v , 117 ) and qua vix agi potest , hinc angiportum ; qua nil potest agi , hinc angulus "" where it is hardly possible for anything _ agi _ ' to be driven , ' from this it is called an _ angiportum _ ' alley ' ; where nothing can _ agi _ ' be driven , ' from this it is an _ angulus _ ' corner ' "" ( ibid . : vi , 41 ) . a footnote in the loeb edition of _ de lingua latina _ refers to this as "" derivation by the contrary meaning , "" and cites another example : ludus , in quo minime luditur "" school , in which there is very little playing "" ( festus , 122 . 16m ) . karen baumer yale university
",0
any sumerologists out there ?,"are there any sumerologists out there who would be willing to answer a few factual questions about sumerian ? alexis mr
",0
query : chinese grammatical markers,"i ' m interested in any information regarding the diachronic development of the following grammatical markers in various chinese languages ( apologies for the email-mutilated transcriptions ) : ( 1 ) mandarin : [ de ] ( the "" genitive "" / "" relative "" marker ) ( 2 ) mandarin : [ ge ] ( the general numeral classifier ) ( 3 ) shanghainese : [ ge ] ( the "" genitive "" / "" relative "" marker ) ( 4 ) hokkien : [ e ] ( a ) ( the "" genitive "" / "" relative "" marker ) ( b ) ( the general numeral classifier ) ( 5 ) teochew : [ kai ] ( a ) ( the "" genitive "" / "" relative "" marker ) ( b ) ( the general numeral classifier ) ( 6 ) cantonese : [ ge ] ( the "" genitive "" / "" relative "" marker ) [ go ] ( the general numeral classifier ) [ dik ] ( the ligature ) more specifically : question 1 : which of the above markers are historically / etymologically related to which others , ie . deriving from a diachronically reconstructable common source ? ( eg . are mandarin [ de ] and cantonese [ dik ] diachronically related ? , etc . etc . ) question 2 : ( specific to hokkien and teochew ) most native speakers of hokkien and teochew , who are also speakers of mandarin , are of the opinion that there are two distinct markers exhibiting accidental homophony : a "" genitive "" / "" relative "" [ e ] / [ kai ] corresponding to mandarin [ de ] , and a "" classifier "" [ e ] / [ kai ] corresponding to mandarin [ ge ] . question 2a : is it demonstrably the case that [ e ] and [ kai ] are the respective products of diachronic coalescence of distinct forms at some earlier stage of the language ? question 2b : are there any valid synchronic arguments for positing two distinct lexical items , ie . two [ e ] 's in hokkien , and two [ kai ] 's in teochew ? ( i consider the choice of characters conventionally used to represent these markers as irrelevant . ) note : i am a general linguist , not a sinologist , and i do n't read or speak chinese . i would greatly appreciate either your own views on the above questions , or references to published works addressing these questions . however , if the references happen to be in chinese , i would be extremely grateful if you could provide a synopsis of their contents . thanks , david gil national university of singapore ellgild @ nusvm . bitnet
",0
inquiry re : slang and rock music,"i am working on a project where i need to explore the relationship between rock & roll music and current slang . any suggestions on previous studies or books or any contributions would be greatly appreciated . i will post a summary and e - mail directly to anyone who requests a follow up . thank you carolyn chriss caroza @ aol . com
",0
re : syldavian tutorial,"jacques guy 's grammar of syldavian is of course a very welcome contribution to the understanding of that seldom investigated language . however , one could n't help being slightly disappointed that it did not contain a translation of the longest text ( and only one , as far as i know ) which has survived in this ancient language . i refer of course to the page of the 14th cent . manuscript which is reproduced in "" le sceptre d ' ottokar "" ( p . 21 ) , and which goes approximately thus : pir ottokar du ~ s pollsz ez ko "" nikstz dan tronn eszt pho ma ~ ozeilla ~ cza "" ida ~ o "" n estca ~ r akpu ~ kzommetz pakkeh o lapza ~ da ko "" nikstz itd o alpu ~ klo "" ppz staszrvitchz erom szu ~ bel o "" . da ~ zsbick ta "" llta o "" pp o ca ~ rro "" . can we have a chapter 2 ? guy deutscher
",0
"cahiers de linguistique - asie orientale vol . 27 , n2 ( 1998 )","clao - cahiers de linguistique - asie orientale . an international journal on the languages and linguistics of east asia published by the "" centre de recherches linguistiques sur l ' asie orientale "" editors : alain lucas , waltraud paul vol . 27 , n2 ( 1998 ) marie - claude paris , "" focus operators and types of predication in mandarin "" , pp . 139-159 franoise bottero , "" la vision de l ' criture de xu shen partir de sa prsentation des liushu "" , pp . 161-191 ma beijia , "" jieci ' zhu ' de chansheng "" ( in chinese ) pp . 193-200 yu hsiao - jung & cao guangshun , "" liu du ji jing zhong de fuci 'd ou ' "" ( in chinese ) pp . 201-209 lee hun - tak thomas & wong colleen , cancorp - the hong kong cantonese child language corpus "" , pp . 211-228 review article : redouane djamouri , franoise bottero ( smantisme et classification dans l ' criture chinoise ) , pp . 229-247 book review : laurent sagart tor ulving ( dictionary of old and middle chinese ) pp . 249-254 dissertations : ksenia antonian ( in english ) "" rezul ' tativnye konstrukcii v sovremennom kitajskom jazyke : processy grammatikalizacii i leksikallizacii "" ( resultative verb compounds in mandarin chinese : grammaticalization and lexicalization ) pp . 255-265 - - - - - - - - - - - - - - - - - - - - - - - - - - - published by the "" centre de recherches linguistiques sur l ' asie orientale ( crlao ) , paris , france inquiries to : cahiers - lao @ ehess . fr
",0
neurophysiology and written language,"i would be grateful for references to recent research that would fall under the category of neurophysiology . does anyone know of studies on aphasic or other kinds of patients who are trying to recover fluency in the use of language by using computers to communicate with therapists , caretakers , or doctors ? the focus of this type of research should be on the strengthening of neural networks through the use of computers by sending and receiving messages . it could also involve performing specific types of exercises that stress writing as opposed to speech . your assistance will be greatly appreciated . please reply to sotillo @ apollo . montclair . edu
",0
current research in language,"anyone interested in submitting a proposal for the session on current research in language and language teaching at the 1999 aatsp in colorado , please send a one page abstract by january 1 , 1999 to : elizabeth a . martinez college of charleston department of spanish 66 george st . charleston , sc 29424 fax : ( 843 ) 953-6758 phone : ( 843 ) 953-8066 e - mail : martineze @ cofc . edu
",0
qs : gogo - speaker,"i ' m trying to work on the non-segmental phonology of gogo ( g11 ) for my phd . the little data i collected until now is far from giving a clear picture of tone / accent in nouns . hence my beg for help . is anyone of you a or does anyone of you know a native speaker of this language and is / who is willing to provide me with some additional data ? ralf grosserhode
",0
sci - fi convention,"hi , i was asked to pass this on as you might be interested . the large infinity convention in cardiff in july has now confirmed their star wars , dr . who and star trek guests - it looks to be one of the largest events that part of the uk has seen for some time , and great fun . their site is at http : / / www . cf . ac . uk / ccin / main / ents / sffc / infinity . html and is in aid of children 's cancer . the guests include dave prowse ( darth vader ) , colin baker ( 6th dr . who ) , ed bishop ( cmdr . straker ufo ) , authors diane duane and peter morewood and many more . ideal for the family or with friends . regards , mike
",1
princess diana news flash princess diana princess diana princess diana princess,"diana princess diana princess diana * * * * * * * * * * * * * * * * * * * * * * * * * * * * * * * * * * * * * * * * * * * * * * * * * * * * * * * * * * * * * * * * * * * * * * * * * * * * * * * * * * * * * * * * * * * * * * * * dear princess diana fan , please forgive this intrusion into your "" privacy "" we think you "" might be "" interested in this "" limited offer "" diana , princess of wales "" commemorative stamps "" limited edition if interested , visit our web site at http : / / www . omantours . com / diana / you can have your own piece of princess diana by visiting our web site http : / / www . omantours . com / diana / or click here thank you very much for your attention and please forgive us for intruding into your privacy . * * * * * * * * * * * * * * * * * * * * * * * * * * * * * * * * * * * * * * * * * * * * * * * * * * * * * * * * * * * * * * * * * * * * * * * * * * * * * * * * * * * * * * * * * * * * * * * * in respect to your privacy , if you would like your address removed from our mailing list , please send a message to dianastamps @ hotmail . com and you will be removed within 48 hours . * * * * * * * * * * * * * * * * * * * * * * * * * * * * * * * * * * * * * * * * * * * * * * * * * * * * * * * * * * * * * * * * * * * * * * * * * * * * * * * * * * * * * * * * * * * * * * * *
",1
do want the best and economical hunting vacation of your life ?,"if you want the best hunting and camping vacation of your life , come to felton 's hunting camp in wild and wonderful west virginia . $ 50 . 00 per day pays for your room and three home cooked meals ( packed lunch if you want to stay out in the woods at noon ) with cozy accomodations . reserve your space now . following seasons are now being booked for 1998 : buck season - nov . 23 - dec . 5 doe season - to be announced ( please call ) muzzel loader ( deer ) - dec . 14 - dec . 19 archery ( deer ) - oct . 17 - dec . 31 turkey sesson - oct . 24 - nov . 14 e - mail us at 110734 . 2622 @ compuserve . com
",1
query : uninflected tags,"does anybody know of recent work on uninflected tags like huh ? and right ? in the examples below ? they ' re going to replace dos , right ? then he 's got to look for a job , huh ? contact me directly and i ' ll summarize responses . thanks . neal r norrick , tb0nrn1 @ niu . bitnet
",0
do you like saltwater aquariums ?,"horizon publishing would like to invite you to the saltwater aquarium hobbyist 's website , featuring a fish dictionary , nationwide shop listings , manufacturer 's phone numbers and links and product reviews . go to http : / / www . captivesea . com thanks
",1
re : 5 . 1205 linguistics and imperialism,"further to wald and grosserhode : the idea that there is a connection between linguistics and imperialism was proposed by the norwegian linguist hans vogt ( yes , the specialist on kartvelian and other things ) in a leaflet published in 1935 , ' maalstrid og klassekamp ' [ language debate and class struggle ] . i have a brief reference to his ideas in my article on research policy in ammon , dittmar and mattheier eds . sociolinguists . an international handbook ( berlin 1988 ) , with some more references , also to explicitly opposing views ( like geoffrey sampson 's , who does n't refer to vogt directly , though ) . hartmut haberland
",0
re : 5 . 1250 language acquisition / analogy / pragmatics,"yes indeed , be careful when you star a sentence , you may be sentencing a star , does have meaning ! a passerby one evening in brentwood several weeks ago witnessed a cruel double murder , but his testimony , in very broken english , required the services of a professional linguist to interpret . the latter was n't sure what to make of "" i see there once o . j . simpson not . "" , so he starred the sentence . the result is [ future ] history ! - - jules levin 8 - )
",0
re : 3 . 396 chomsky citations,"linguists have a tendency to think that both they and their field are special . the failure to cite work outside one 's time or paradigm is very general and stems from the social nature of academic discourse and society . it 's just as common in biology and physics as it is in linguistics , or in deconstructionist theology , for that matter . so , do n't worry , be happy . cite sapir if you want to , or baudouin de courtenay , my current favorite , but stop thinking that we ' re special or chosen ( though some of us clearly are ! ) .
",0
negative concord,"i am interested in the grammar of negative concord in various dialects of american and british english . if anyone out there speaks natively a dialect that uses negative concord and is willing to answer grammaticality questions about their dialect , would they please send me an email note to that effect and i ' ll get back to them with my queries . my address is : kroch @ change . ling . upenn . edu thanks .
",0
re : 3 . 375 gent conference,"is there anyone in the department of bilingual education at the univ . of texas , austin that could give me information about the availability of work in the school system there ? what types of certification are required ? etc . . . i would certainly appreciate any help or clues you could give me : brett rosenberg univ . of arizona dept . of spanish & portuguese
",0
kay csl,"i would like to hear from other users of the kay csl system , to determine whether anyone else has run into the same bugs that i ' ve hit . please reply dir ectly to me ( broselow at sbccvm . bitnet or ccvm . sunysb . edu ) .
",0
query : melcuk ( melchuk ),"does anybody know a working email ( or other ) address for igor melcuk ( melchuk ) ?
",0
cartoons,"i am currently undertaking research on the visual aspects of cartoons , and would like to get hold of some examples of cartoons published outside the uk . can anyone help by sending me some ? ( i ' m happy to refund postage ) . any style , genre , language - from newspapers , magazines , childrens ' comics . . . thanks in advance to anyone who can help . e-mail for queries = s . goodman @ open . ac . uk snail mail = school of education , open university , walton hall , milton keynes mk7 6aa , england , uk .
",0
afar,"i have a student ( lee fulmer ) working on morphology in afar . she is trying to get ahold of the following dissertation . hayward , richard j . ( 1976 ) "" categories of the predicator in afar , with especial reference to the grammar of radical extensions "" , soas , university of london . is there somebody out there who has this and would allow us / her to copy it ? does anybody out there know if hayward is reachable via email ? thanks much , mike hammond
",0
"3 . 405 languages , citation","prompted by margaret winters 's lament that students are n't being given a good historical appreciation of their subject , i picked robins 's ` short history of linguistics ' from my shelf . interestingly ` linguistics in the present century ' is the eighth and final chapter ( pp . 198 - - 233 ) . melville bell appears on 203 , along with sweet ; then comes trubetzkoy ( p . 204 ) , jespersen , hjelmslev ( 206 ) , boas , sapir , bloomfield ( 207 ) , harris ( 210 ) , hockett ( 211 ) , "" in recent years "" pike ( 212 ) , firth and malinowski ( 213 ) , halliday ( 221 ) , jakobson ( 222 ) , n . j . marr ( 225 ) ( remember him ? ) , lamb and chomsky ( 226 ) , katz and postal ( 227 ) , and that 's it ! ( the book was first published in 1967 ) . - - - john coleman
",0
base generated adjuncts,"does anyone know of references on what mechanisms are used to encode restrictions on the base generation of adjuncts in gb ( i . e why adverbs occur with predicates but adjectives do with referentials ) ? seems like it can't be selection if x - - bar theory is an appropriate set of restrictions . any references at all would be lovely , but recent ones more so . post directly to me & i ' ll post a summary to the list if there 's interest . david adger adger @ uk . ac . ed . cogsci
",0
query : email addresses,"does anybody have an email address for either gunnar fant or christol gobl ? thanks in advance , julie silverman . ( jules @ nynexst . com )
",0
spanish terms,"i am looking for the spanish translations of the following terms and wonder if anyone can help me : - tense / lax ( vowel ) - extrametrical - heavy / light ( syllable ) - ( syllable ) weight - onset , coda , rhyme - ( phonological ) government - interlanguage thanks in advance for your help . my e-mail address is : archibal @ acs . ucalgary . ca - - john archibald department of linguistics university of calgary phone : ( 403 ) 220-7316 e - mail : archibal @ acs . ucalgary . ca
",0
summ of dialect bible translations,"i have prepared a summary of the responses i received to my question about tranlation ( s ) of the bible into modern glasgow dialects . thanks to all those who responded - - ken beesley at xerox parc gavin burnage of the british national corpus group and humgrad paul caron at mcmaster u richard coates at u of sussex jacqueline kowtko at u of edinburgh r . glenn wooden at st . andrews and via forwarding frank maloney of microsoft david morning of glasgow u - - i appreciate it . first , mr . coates suggested as a general reference for dialect biblical literature _ the book of a thousand tongues _ , eugene nida , ed . , united bible societies ( 1972 ) , 2nd edition . mr . beesley mentioned a 1983 translation into "" broad scots "" , which included a temptation of christ passage in which christ speaks the scots dialect and satan the queen 's english . mr . burnage forwarded mention of the same edition in a similar discussion from a celtic discussion list : here , mr . maloney and mr . morning discussed presbyterian church of scotland elder jamie stewart 's rendition _ the glasgow gospels _ ( the 4 gospels only ) , as well as _ the new testament in scots _ , by william l . lorimer ( 1983 , edinburgh , southside publishers ltd , isbn 900025 24 7 ) . some claimed the latter is "" hard going at times "" without intimate knowledge of the dialect . mr . caron mentioned that one of these texts had been discussed recently on the cbc radio show "" as it happens "" . jacqueline kowtko in edinburgh suggested contacting the church of scotland at the following address for other info : church of scotland book shop 117 / 119 george street edinburgh eh2 4jn scotland 44 31 225 2229 finally , r . glenn wooden also mentioned having seen a bible translation done in an american south dialet called _ cotton patch nt / bible _ . thanks again for the responses . steve _ _ _ _ _ _ _ _ _ _ _ _ _ _ _ _ _ _ _ _ _ _ _ _ _ stephen ryberg department of linguistics northwestern university ryberg @ casbah . acns . nwu . edu _ _ _ _ _ _ _ _ _ _ _ _ _ _ _ _ _ _ _ _ _ _ _ _ _
",0
search,"does anyone out there know the whereabout of dr peter hawkins , phonetician , late of edinburgh ( queen elizabeth college ? ) , scotland ? i am seeking him because we collaborated at one time on a self-instructional computer course in french phonetic notation . but micros have moved along and now we need one for ibm pcs . any help on either search ?
",0
searching for west african and indian texts,"dear colleagues , we are doing some research on world englishes which will compare the short story fiction rhetorical style of the following groups : west african male writers west african female writers indian ( sub-continent ) male writers indian ( sub-coninent ) female writers we would like to use short stories written within the last ten years ( 1984-1994 ) and need help creating a database . so , we are looking for the following . names and publication data for : 1 ) female and male writers from india who write in english 2 ) female and male writers from west africa who write in english as well as 3 ) any information regarding contrastive rhetoric , especially comparing the varieties listed above thank you for your help bill eggington wendy baker * * * * * * * * * * * * * * * * * * dr . william eggington 3164 jkhb , english department brigham young university , provo , utah 84604 u . s . a . ph : ( 801 ) 378-3483 fax : ( 801 ) 378-4649 * * * * * * * * * * * * * * * * * *
",0
postings,"hi , i ' m working on a phonetics project about modern irish and i ' m having a hard time finding sources . can anyone recommend books or articles in english ? i ' , specifically interested in palatal ( slender ) consonants , so any work on that would be helpful too . thanks ! laurel sutton ( sutton @ garnet . berkeley . edu
",0
sum of chinese speech errors,"about 2 weeks ago i sent a query to linguist list asking for references on the topic of speech errors in chinese . thanks to all those ( 9 ) who have kindly replied with information , advice and questions . i am pleased that there are people out there who are very interested in this topic , but disappointed to find that so little research has been reportedly done in this field . i have read a few papers on errors in chinese handwriting , but not so much so on reported oral errors . to sum up the references i got so far from the linguist list : ( 1 ) shen , jiaxuan . ' kou wu lei lei ' , zhongguo yuwen , 1992 . 4 . ( 2 ) moser , david . ' slips of the tongue and pen in chinese ' , sino - platonic papers , no . 22 , 1991 . i am grateful that some responses have promised to keep looking for further references , but i am still wondering about one question that i keep asking myself : do chinese speakers make speech errors at all ? and if they do , do they err remarkably less than , say , english speakers ? thank you . yang wei dept of linguistics university of victoria
",0
re : 3 . 413 citations,"hm ! linguists agree with oscar wilde : the only thing worse than being talked about is not being talked about . ; - )
",0
query : sexist example sentences,"i know that some time in the past ( the 70 's ? ) some linguists became aware of the tendency to perpetuate sexist stereotypes in example sentences ( "" john is a doctor "" ; "" mary is a nurse "" ) , leading to the use of gender-neutral names in examples ( kim , sandy , chris , etc . ) . my question is : did anyone ever do ( and maybe publish ) a study of this tendency in actual example sentences in linguistics textbooks or articles ? thanks . monica macaulay
",0
youth - gang lipolalia,"pardon the neologism : lipogram = writing without using a designated letter , thus lipolalia would be the corresponding practice in speech . compare the discussion of english - prime of a few months ago . martin walker of the manchester guardian reports from los angeles about the youth gangs : "" the bloods , who never use a word beginning with the letter c of their rivals , the cripps , who in turn never use a word beginning with b for blood , are perhaps the best known . "" urban myth , or linguistic data ? can anyone ( dis ) corroborate ? - - - - lee hartman , southern illinois university
",0
chomsky citations and mandeville 's paradox,"in his ' fable of the bees : or , private vices , public benefits ' ( 1732 ) , bernard de mandeville argued that the wealth of a nation results from private vices of the citizens . this is mandeville 's paradox : intentional actions of individuals may bring about social phenomena intended by no one . part of the persistent chomsky - boom exemplifies mandeville 's paradox : a great deal of people citing chomsky do so in order to show that he 's wrong - - and , with the implication that he does n't deserve being cited so frequently ! ( i owe mandeville 's paradox to rudi keller ( 1990 ) sprachwandel . francke verlag : tuebingen . ) martti nyman department of general linguistics , university of helsinki , finland
",0
top 10 bibliographies,"i am looking for the all-time - bar-none best bibliographies on the broad and general topic of linguistics . not narrowly defined by anything . if you have a suggestion for me please respond and tell me where i can find it , either in print or on the internet somewhere . thanks in advance ! ~ ~ ~ ~ ~ ~ ~ ~ ~ ~ ~ ~ ~ ~ ~ ~ ~ ~ ~ ~ ~ ~ ~ ~ ~ ~ ~ ~ ~ ~ ~ ~ ~ ~ ~ ~ ~ ~ ~ ~ ~ ~ ~ ~ ~ ~ ~ ~ ~ ~ ~ ~ ~ ~ ~ ~ ~ ~ ~ ~ ~ ~ ~ ~ ~ ~ ~ p e a r l b e r t r a n d gallagher law library internet : bertrand @ u . washington . edu condon hall jb-20 voice : ( 206 ) 548-9456 1100 ne campus parkway fax : 206-548 - 9458 seattle , wa 98105 ~ ~ ~ ~ ~ ~ ~ ~ ~ ~ ~ ~ ~ ~ ~ ~ ~ ~ ~ ~ ~ ~ ~ ~ ~ ~ ~ ~ ~ ~ ~ ~ ~ ~ ~ ~ ~ ~ ~ ~ ~ ~ ~ ~ ~ ~ ~ ~ ~ ~ ~ ~ ~ ~ ~ ~ ~ ~ ~ ~ ~ ~ ~ ~ ~ ~ ~
",0
run-on words ?,"could anyone tell me why we have compound , run-on words in english orthography , like 's omething ' , 's omeone ' , ' therefore ' , ' whereas ' , ' everyone ' and so on ? is there any real linguistic phenomenon being captured here by omitting the usual word boundary in the spelling ? i find myself doing it with words like ' realtime ' and ' harddisk ' and i do n't know why . the reason i ask is that i have been working on a program which does syllable counting . these run-on words with the silent-e in the middle of the word cause the program to differ from human performance . it is easy to discount english syllable counting for a final ' e ' on a word with at least one other vowel cluster , but the silent-e in the middle of a word can only be done with a lookup table - - and that is a real drag for otherwise elegant programming . how would i know if i got all the run-ons listed or not ? does it get applied every time there is an ' e ' in the middle of a word ? stan . stankuli @ uwf . bitnet = = = : : close your eyes , my darling , or three of them at least - - - - - old venusian lullaby
",0
machine translation,"i would like information for a friend about a company called global link ( globalink ? ) out of maclean , virginia . specifically , he wants to know , from a linguistics perspective , how good their machine-aided translation systems are , and whether it is likely they have the technological and linguistic expertise to develop a japanese - english module , using kanji . finally , he ( and i ) would like to know about other companies producing commercially available machine-aided translation systems , and whether any have a competitive japanese - english module . please send replies to molsen @ astrid . ling . nwu . edu and i will summarize . thank you . mari broman olsen northwestern university
",0
"re : 3 . 405 languages , citation","michael kac 's mathematics analogy is interesting and appropriate . i would extend it even to mathematicians who can't figure the tip on a dinner bill without a calculator , and linguists who are only fluent in their native language . unfortunately , this analogy is useless for the many people who understand neither field . like the rest of you , i have had my share of "" how many languages do you speak ? "" similarly , as an undergraduate math major , a common reaction was "" oh , so you ' re going to be a cpa like your mother ? "" melody sutton ucla
",0
""" designing "" dialects","the following appeared in a recent theater program : "" k . c . ligon ( dialects ) de signed the dialects for mccarter 's productions of the matchmaker , cat on a hot tin roof . . . . . "" i ' ve never encountered the term "" designed "" as applied to dialec ts or to dialect coaching in the theater . is this a common usage among linguistis ? sam glucksberg ( samg @ pucc . princeton . edu )
",0
words to live ( and rock ) by [ linguists in the mass media,"in case you missed it , the following excerpts are taken from the current ( april / may 1992 ) issue of lingua franca , p . 5 we ' ve heard of some unusual career trajectories but our favorite has to be that of robert leonard , who started his professional life as lead singer of the fifties retread group sha na na ( photos show a sullenly handsome guy in saran wrap - tight gold lam ' e and a pompadour like a fallen souffl ' e ) and ended up - - you guessed it - - as a theoretical linguist with a specialization in swahili . . . leonard simply realized he would ' rather be a fifty-year - old linguistics professor than a fifty-year - old rocker ' . "" [ and who of us would dispute that sentiment ? ] the prosaic data : bob leonard 's ph . d . was awarded by columbia u . , thesis title "" the semantic system of deixis in standard swahili "" , and he 's teaching at hofstra u . on long island .
",0
a linguist by any other name . . .,"given the current vigorous linguist vs linguistician debate , another potential title in the arena might not be terribly welcome , but at least it could , for a while , divert attention away from the existing debate which seems to be languishing ( i . e . getting nowhere ) . a friend of mine who is a medic suggested the nominalized form ' linguistic ' ( ' i am a linguistic ' ) , based on the model of medic / cleric . i suppose ' medic ' and ' cleric ' can occur as nominal forms on account of the derivational gap left by ' medical ' and ' clerical ' . however , ' linguistical ' has been cited , so perhaps we could shift everything across one derivation , thus allowing the sentence ' we linguistics enjoy linguistical questions ' . i hesitate to suggest ' linguisticine ' as the name of our subject . a r linn department of languages and linguisticine , u of luton
",0
query : lists,"does anyone know any bitnet or internet lists dedicated to classical greek or latin ? thanks michael sikillian annotext
",0
"re : 3 . 370 queries : computer resources , dialect maps","jane tang asks for references about ' losing ' grammatical intuitions . though not about linguists , a study published in the journal of psycholinguistic research ( 17 . 1 : 1-17 ) , by hiroshi nagata ( the relativity of linguistic intuition : the effect of repetition on grammaticality judgements ) , concludes that "" linguistic intuitions as revealed in grammaticality judgements are not absolute , but relative in that they are easily influenced by repetition and other variables , such as embedded context . "" randy lapolla institute of history & philology academia sinica , taiwan
",0
software for propositional analysis,"hi ! i need to find a software to do propositional analysis to analyze large students ' writing for my study . as far as i know , theoretically many differnet analysis frames have been suggested . especially , i am interested in kintsch 's model . if you happen to know any of this kind software , please let me know . if not , why do n't we make this kind of software for research and teaching purpose ? thanks in advance . byungmin lee university of texas at austin .
",0
query : stieber 's law,"if i may , i would like to repeat a query i posted some time ago to which i received no responses : does anybody know who first proposed that analogical change cannot introduce new phonemic contrasts into a language ? the earliest reference i have found is a paper by z . stieber , written in polish in the 1930 's , but i think this must go back further . - - - - - - - - - - - - - - - - - - - - - - - i did receive one response ( from harry bochner ) regarding possible counterexamples to this , namely , it has been assumed that glottalized / y / in navaho is always of analogical origin . there are numerous other claimed examples of this in the literature , but most of them appear to be quite spurious ( e . g . , ukrainian and belorussian / dzh / ( voiced alveolopalatal affricate ) mentioned by jakobson , and certain umlauted vowels in swiss german mentioned by moulton and kiparsky ) .
",0
on becoming a linguist,"i too have a theory on why linguistics attracted many of us . as a field it ranges from the humanities to the hard sciences , with the majority of its subdisciplines falling into the general area of social sciences . i have spoken with many linguists who started their scholarly lives as scientists ( chem - istry , physics . . . ) and wanted something which seemed more like a humanities discipline ( often in the more european sense of ` sciences humaines ' , disciplines which deal with people ) , while many others ( including myself ) started in foreign languages and literatures and found we wanted something more scientific than literary analysis . i think the second-language learning component of it is important , as suggested in a posting i read today , but not always because of * difficulty * with learning a language ; but rather a desire to keep working with language in some form without doing literature . on a personal note , i can clearly remember my relief , as an undergraduate , to discover linguistics through a comparative romance course . it meant that majoring in french made sense even if sartre did n't ! margaret
",0
human sense disambiguation correction,"oh dear , first of all i send a summary very late and then i discover the summary has an error . the second reference should ' ve read . . . g . a . miller ( 1954 ) "" communication "" annual review of psychology , vol . 5 , pages 401-420 sorry . + - - - - - - - - - - - - - - - - - - - - - - - - - - - - - - - - - - - - - - - - - - - - - - - - - - - - - - - - - - - + | mail : mark sanderson , department of computing science , | | the university , glasgow g12 8qq , scotland , uk . | + - - - - - - - - - - - - - - - - - - - - - - - - - - - - - - - - - - - - - - - - - - - - - - - - - - - - - - - - - - - + | e - mail : sanderso @ dcs . glasgow . ac . uk | | tel : + 44 ( 0 ) 41 339 8855 x6292 < - - - - * * * new number * * * | | fax : + 44 ( 0 ) 41 330 4913 | + - - - - - - - - - - - - - - - - - - - - - - - - - - - - - - - - - - - - - - - - - - - - - - - - - - - - - - - - - - - + | "" i ' m gonna get you in my tent tent tent tent tent | | so we can both experiment ment ment ment ment "" | + - - - - - - - - - - - - - - - - - - - - - - - - - - - - - - - - - - - - - - - - - - - - - - - - - - - - - - - - - - - +",0
more data on - body / - one,"i can't refuse jane anything . here is some more data , just in from the british national corpus . ( well , actually only from a very small 1 % sample of it ) corpus size : 625 , 000 written and 182 , 000 spoken words ( as defined by claws ) proportional raw frequencies for some common - one / - body words : written spoken total anyone : anybody 57 : 31 17 : 32 74 : 63 someone : somebody 72 : 38 36 : 64 108 : 101 no-one : nobody 18 : 57 2 : 18 20 : 75 everyone : everybody 81 : 43 12 : 23 93 : 66 what i find interesting here is the * absence * of any strong evidence for preferences for - one or - body form ( excepting the pathological case of "" no-one "" ) when you look at the whole corpus , rather than separating out the spoken and written component parts . i ' m optimistically interpreting that as evidence that in the corpus as a whole we ' ve got a good spread of textual variety . i ' ll repeat the analysis on the whole bnc when we ' ve finished building its index . . . lou burnard p . s . i looked for "" no one "" too - - it appears only once , in a sentence beginning "" no one person would . . . ""
",0
re : bengali software,"i would like to know of sources for bengali software . a bengali script word processor would be great , and / or language learning materials . sources for print materials would also be welcome , linguistics or learning oriented . will sumarize . thank you . * * * * * * * * * * * * * * * * * * * * * * * * * * * * * * * * * * * * * * * * * * * * * * * * * * * * * * * * * * * * * * * * * * * * * * stephen de giulio voice : ( 505 ) 439-0797 2107 aspen drive fax : ( 505 ) 439-3643 alamogordo , new mexico internet : degiulio @ nmsua . nmsu . edu
",0
re : 3 . 403 human subjects,"i am not clear about the laws outside the uk but surely the problem with using human subjects speaking is copyright ? unless you have clearance fronm them use of theri words in an y ' published ' form might contravene their rights . certaibly authors of ' authetntic ' , aterr / materials have faced this issue for soime time .
",0
query : narrative,"does anyone know of linguistic analyses of how shifts between narrator and character roles are expressed ? for example , one way is to switch to direct quote . but i ' m looking for cases without dialogue where the writer wants to express the thoughts , feelings , or perceptions of a character , i . e . , the writer wants to present the perspective of the character . while i ' m interested in how the character 's perspective is represented , i ' m even more interested in how the writer uses linguistic devices to show that the text is moving from the narrator 's perspective to the character 's perspective . thanks in advance . wynne janis janis @ purccvm
",0
a question about the ssc,"i ' m stumped by the presence of a dash in the definition of the ssc , and i have n't met a linguist who can tell me what it means . i ' m sure there 's someone out there who can answer this question - - when chomsky gives the specified subject condition ( p . 90 , essays on form and interpretation ) it looks like this : no rule can involve x , y in the structure . . . x . . . [ . . . z . . . - wyv . . . ] . . . alpha where z is the specified subject of wyv in alpha . what is that dash for ? it 's not mentioned . newmeyer , in his book on the history of modern linguistics , copies the constraint exactly , but also does n't mention the dash . if it 's simply there to seperate the constituents , why is n't there a dash between the w , y and v ? thanks , janet hitzeman hitzeman @ cs . rochester . edu
",0
what language is this ?,"the toronto police have contacted our department for help in identifying the language of the label on a ball of wool in the purse of an elderly woman accused of shoplifting . she does not speak english and the police wish to obtain an interpreter for her . the following was dictate to me over the telephone ( so may not be 100 % accurate ) : ata lucru de myna din bumbac cardat . . . . please send replies directly to me . there is some urgency in this , as the woman is being held until they can question her . ron smyth smyth @ lake . scar . utoronto . ca
",0
new mailing list ( nynorsk ),"there is a new mailing list for people using or interested in nynorsk ( "" new norwegian "" ) : "" internettet maallag "" . as nynorsk is a minority language with low presitige the intention of the list is to serve as a meeting point for "" nynorskers "" on the net . this is also reflected in the name of the list : "" maallag "" ( ' language association ' ) is a word used by many nynorsk organisations , most of which are regional branches of noregs maallag ( but not all of them ) . it will of course not be of interest to subscribe to the list if you do n't understand ( new ) norwegian . to subscribe to internettet maallag write to < iml-request @ math . uio . no > . jardar eggesboe abrahamsen jardar @ nvg . unit . no noreg heiter landet .",0
tone grammar,"none of the examples mentioned in john cowan 's recent posting summarizing responses on this topic appears to involve a language that uses language solely to mark grammatical as opposed to lexical distinctions . which makes one wonder about stress . does anybody know of an example of a language in which stress is distinctive but only used to mark grammatical categories . i have some possible examples in mind but these need some further reflection , so if anybody has clear examples , i for one would be interested ( the examples i am thinking of , which i am not too sure about , would involve tongan and perhaps persian ) .
",0
e-mail address,"does anyone have , or know how i can get , an e-mail address for barney pell ( last seen working on ai at cambridge ) ? thanks !
",0
chomsky ' 92 article,"i was about to send the following request to martin haspelmath ( the author of the quoted lines below ) , but on second thought i decided that asking someone in germany where i could get a copy of an unpublished paper by an american scholar was a little odd . so can someone nearby help me ? martin wrote : > . . . and his 1992 paper "" a minimalist program for > linguistic theory "" , which does n't look as if it was > intended for wider circulation , must be around in > thousands of copies by now . i ' ll bite , where can i get a copy ? thanks !
",0
language requirements for teachers,"a few weeks ago i directed a query at linguists ensconsed in english departments . i wanted to know what the language course requirements ( i . e . , intro to ling . , history of english , etc . ) were for english majors , particularly those planning to be high school or elementary school teachers . i only got a half-dozen replies . thanks so much to those six . out of the six universities represented by the six respondants , two required six credits ( two courses ) for both english majors and english majors who intend to teach . the other four require only three credits for simple majors , but six for those who intend to be teachers . armed with this information i went to the curriculum committee prepared to defend our current six credit requirement for students seeking a teaching certificate . there had been a proposal introduced to reduce it to three . i made my case for about five minutes . when i was finished , the other members of the committee looked at each other , shrugged , and withdrew the proposal to reduce the language requirement . victory .
",0
query : voicing assimilation,"i know of two languages where voiced fricatives devoice after a voiceless obstruents , even though voiced stops cause the preceding voiceless obstruent to voice instead ( dutch and within certain domains , polish ) . i am wondering if there are other examples .
",0
relative markers over time,"i am working on the history of relative markers in the spoken language from 1500 onwards , in british and american english . although there are plenty of studies of written data , i ' m having trouble finding diachronic studies of spoken data ( trial transcripts , etc . ) . i ' m particularly interested in the development of the standard & non-standard variants for personal subject restrictive relatives : who , what , which , zero , that , at , as ( as in ' i know a chap as ' ll do it for you ' ) . any references will be greatly appreciated , including quantitative synchronic studies of non-standard varieties . thanks !
",0
case - marking in the genitive,"i ' m interested in languages with case-agreement in the genitive , i . e . languages where any case which the head might take must be copied on the dependent . these are pretty common in australia , e . g . uradhi ( g / is gamma ) : wutpu - : namu-mun g / antu-mun old-man - gen-abl canoe - abl "" from the old man 's canoe "" they ' re also found in the caucasus , in the languages of the ethiopian highlands , and in some siberian languages . all these only have suffixal genitival agreement . i have three questions : 1 . does anyone know of any languages outside these areas which have similar genitival agreement ? 2 . does anyone know of any languages which have prefixing genitival agreement ? 3 . does anyone know of any languages where all case-marking for the entire genitival phrase appears affixed solely on the dependent ? ( i have two examples already : kanuri and sumerian ) my thanks !
",0
next,"this message is an attempt to find out who in the linguistic community , is using a next workstation ( cube , slab , turbo , or whatever model ) , more particularly in the area of phonetics and phonology . if you would like to know the results of this survey , please indicate it in your reply . thanks to all .
",0
"the best , just got better","the 2 newest and hottest interactive adult web sites will soon be the largest ! ! ! check out both of the following adult web sites free samples and trial memberships ! ! ! ! live triple x adult entertainment and pictures . new content added weekly ! ! ! girls , boys , couples , and more ! ! ! check them both out : http : / / www2 . dirtyonline . com http : / / www . chixchat . com
",1
new e - mail network,"a n n o u n c i n g asling - l : the e-mail network for people interested in sign linguistics ! this network has been established to discuss linguistic issues related to signed languages . all areas of linguistics will be discussed including syntax , acquisition , phonology , morphology , psycholinguistics , cognition , etc . to subscribe to the network , send a message to the following address : listserv @ yalevm . bitnet the message should include only the following line of text : sub asling - l your real name questions regarding the network can be sent directly to the listowner at : cromano @ uconnvm . bitnet looking forward to having you on board ! christine romano , list owner please pass this on to students or colleagues who may be interested !
",0
oulipo,"i am looking for information on oulipo , an experimental language group which flourished in the ' 60s in paris . members have included r . queneau , h . matthews , i calvino , and g . perec . the group applied mathematical methods to writing literature . there is scant information available in english , and a small amount in french . i am particularly interested in whether their ideas have been embodied in software or literaty theory . thank you michael sikillian annotext
",0
query on spanish and binding,"this is a request for help , in the form of references , suggestions , etc . , on a syntactic problem ( or maybe only an apparent problem ) . i have recently stumbled upon some interesting spanish data which seem to violate binding principles . in particular , my informants have provided examples like juan hablo a pedro de / sobre el and insist that el can can have as its antecedent at least juan , and perhaps also pedro . if the facts are what they seem , binding principle 2 is clearly violated , since we have a pronoun which is not free in the local domain . there are also cases , although not so clear , in which an anaphor seems not to be bound in the local domain . any thoughts on such examples will be greatly appreciated . if there is interest , i will post a summary of responses received . thanks . steve seegmiller seegmiller @ apollo . montclair . edu
",0
re : 3 . 429 how did we end up linguists ?,"i have to admit that i ' m leery of complex arguments and self - psychoanalysis that try to explain why one becomes a linguist . is it at all possible that people become linguists simply because they ' re fascinated by language ? as the old saying goes : "" there 's no accounting for taste "" . regards , rick - - * = * = disclaimer : the inel does not speak for me and vice versa = * = * = rick morneau idaho national engineering laboratory = * mnu @ inel . gov idaho falls , idaho 83415 , usa * = * = * = * = * = * = * = * = * = * = * = next mail accepted here ! * = * = * = * = * = * = * = * = * = * =
",0
book : thomas barthel,"would anyone have a copy of thomas barthel 's "" grundlagen zur entzifferung der osterinselnschrift "" they would be willing to part with for a not unreasonable price ? my only proviso is that the line reproductions of the tablets and the list of glyphs in appendix must be as close as can be to mint condition . in fact , that is all what i am interested in , and if you 'd not mind parting with them whilst keeping the rest of the book , it 's fine with me . the reason : my nth-generation photocopies are getting tatty , and the first-generation copy faded . j . guy @ trl . oz . au ( telecom research laboratories , po box 249 clayton 3168 australia )
",0
t,"hi , help ! i have to design an experiment to do with mandarin tones as part of a phonology requirement on my graduate course . there seems to be very little literature on this in the library . if anyone can think of any on-going debates on the phonology / phonetics of mandarin tones for which an experiment would be useful , please could you give me information and references . i would welcome any suggestions at all . thanks a lot , sophia wang . ( sophia @ ling . ed . ac . uk )
",0
query about english interrogatives,"i would appreciate any references that discuss the relationship or correspondence between the syntactic form and the pragmatic ( or social ) function of interrogatives in english . much of the work that i am familiar with claims that any form can be used for any function . my own research suggests otherwise . please send replies directly to : freed @ apollo . montclair . edu ( alice f . freed linguistics montclair state college )
",0
re : 5 . 1250 language acquisition / analogy / pragmatics,"re analogy : benji wald asks syntax teachers to comment on his contribution . i think his characterisation of syntax teaching is a little harsh . i for one do not expect students ( at any level ) to accept my ( or anyone else 's ) grammaticality judgements unquestioningly . i ' m sure there are many syntax teachers who would prefer to get students to give their own judgements of e . g . : 1 ) i saw the grass brown when i was on holiday in spain 2 ) if you see the tower hazy , it means it ' ll rain tomorrow 3 ) only sherlock saw the man lame one might then ask for a comparison with the acceptability status of : 4 ) i saw the grass wilting . . . 5 ) if you see the tower leaning . . . . . 6 ) only sherlock saw the man limping . i ' m sure there are plenty of syntax teachers who would find it important to explore reasons why 1 - 3 ) might be less acceptable than 1 - 6 ) on the basis of the students ' own judgements . richard ingham
",0
search for proposal consultant,"i am looking for an individual or a company who can help me prepare a proposal for a software project that i would like to market to private companies . i can be reached by email for further details , but before i hire someone , i will need to see a resume , a track record , and some references . the consultant will need to be experienced in writing proposals for the computer industry . a knowledge of human language translation technology would be a definite plus . phil bralich , ph . d . bralich @ uhccux . uhcc . hawaii . edu philip a . bralich 1555 pohaku street , # a508 honolulu , hi 96817 ( 808 ) 841-1087
",0
tolkienian linguistics,"i know that the subject of tolkienian linguistics is not exactly at the forefront of modern linguisitic research , but i also know that many modern linguists were inspired , in whole or in part , by the life and linguistic creations of j . r . r . tolkien , whose centenary is being celebrated this year . so , in that spirit , i would like to let everyone here know about "" vinyar tengwar "" ( issn 1054-7606 ) , a bimonthly journal devoted to formal study of tolkien 's linguistic work , with primary focus on his invented languages , especially quenya and sindarin ( noldorin ) . "" vinyar tengwar "" is refereed , and is now indexed by the mla . it is published in bulletin format , with a typical issue containing 32 pages . "" vt "" will enter its fifth year of continuous publication in september . current areas of discussion include the indo - european connections of the eldarin tongues , analyses of the corpus , formal aspects of the various languages , foreign translations , etc . past issues have featured the book quenya noun declension chart , and analyses of several otherwise unpublished quenya samples . subscriptions to "" vt "" are for one year ( 6 issues ) ; the rates are $ 12 in the united states , $ 15 canada and overseas surface mail , and $ 18 overseas airmail . all payments must be in us dollars : foreign subscribers are encouraged to use an international postal money order . send all subscriptions , and make all checks payable , to : carl f . hostetter editor , "" vinyar tengwar "" 2509 ambling circle crofton , md 21114
",0
,"when it comes to porn , this site does n't mess around . they dish out more than a mouthful , quick and easy . dive into more than 700 + xxx - rated strip shows and video feeds plus thousands of pics including teens , orgies , asians , amateurs , exclusive photo shoots , and more . try our ' cyberfolds ' section where you can massage the girl live on screen or watch a hidden peep cam ! if you want to just try it out , to see if it 's worth it , you can signup for an entire week for just $ 3 . 95 . use the link below http : / / 209 . 125 . 202 . 39 / a001 / index . html over 18 ' s only may access this site
",1
zero down internet opportunity !,"$ 0 down internet opportunity * complete computer system * e - com web site package * tutorials - we ' ll teach you * earn big while you learn for more info : 520-615 - 3253
",1
improvements in wound care !,"hello , my name is kevin elphick and i am the managing director of nursing innovations which have been manufacturing and supplying a range of innovative wound dressing protectors named ' keep - dri dressings ' to australian hospitals for a period in excess of 8 years . these internationally award winning products are now extensively used in over 70 % of western australian hospitals ( references available upon request ) and we are now looking at supplying to hospitals internationally . however , we have found from experience it is difficult to initially introduce the product to hospitals . once a hospital starts using keep - dri dressings they have always continued to use them . our success is related to the fact that they are quick and easy to apply ( saving staff time ) and they really work . the result is lower infection risk , reduced patient trauma and lower cost for the hospital . for your free sample contact me at my web site http : / / www . angelfire . com / ca2 / nursingone here you will find a full product description , uses and advantages and a link to my email address . i would appreciate any suggestions you might have to help introduce this excellent product into hospitals in your area or comments you have on our product . many thanks in advance . kevin elphick nursing innovations 23 yulema street mullaloo , perth , western australia 6027 618-9487 - 1807 http : / / www . angelfire . com / ca2 / nursingone * * * * * * * * * * * * * * * * * * * * * * * * * * * * * * * * * * * * * * * * * * * * * * * k
",1
"re : 3 . 421 linguists , human subjects","i had the same reaction as martin volk to michael kac 's idea that linguists become linguists because they ' re superior language learners . my gut reaction was that it must be wrong , that we become linguists because we have a hard time learning language , that effortless polyglots pay no conscious attention at all to grammar or any other systems of rules . i was about to offer myself as an example when i realized that i _ am _ a pretty good language learner , but i ' ve always found the process frustrating . i hated learning languages because it seemed so dreary and inefficient until i discovered some shortcuts , namely syntax , phonology , morphology , etc . if my case is at all generalizable , then ( happily ) messrs volk and kac are both right - - we become linguists because we have some skill at language learning , but we are also the rational sort that thinks there must be a better , more efficient way to go about it ( and therefore perceive ourselves as having "" trouble "" with it ) . am i weird , or did it happen this way for other people ? let 's hear more . mark hansell asian lang . & lit . carleton college northfield , mn usa
",0
new journal : languages of the world,"new journal : languages of the world issue no . 3 has just appeared scientific advisory board : l . o . adewole ( ile - ife ) s . brauner ( leipzig ) u . claudi ( cologne ) m . job ( marburg ) a . kaye ( fullerton ) j . j . song ( singapore ) t . stolz ( bochum ) editor : u . lueders ( munich ) contents of the third issue : a . k . maltsukov ( st . petersburg ) : distributive constructions and verbal valence in even ( manchu - tungusic ) u . lueders ( munich ) : ergativity and actant marking in pazar laz ( kartvelian ) l . o . adewole ( ile - ife ) : reference in yoruba pronouns and : the linguistic news lines with about 200 pieces of information on the linguistic scene around the world . languages of the world is published by lincom europa . lincom europa was founded to offer linguists additional possibilities for publishing their work . especially the p&e system ( pay & earn ) enables linguists to publish their work in a fast , uncomplicated and independent manner . to order languages of the world , please write to lincom europa sportplatzstrasse 6 d - w-8044 unterschleissheim / muenchen ( 10 issues us $ 140 , for individuals $ 100 , for students $ 68 )
",0
psycholinguistics teaching,"for an undergraduate course i will shortly be teaching in psycholinguistics , i would appreciate any suggestions as to texts which other instructors have had good experiences with . also , i would be indebted if anyone can offer specific references to the work of helen neville on deaf alinguals and the acquisiton of asl . thanks m . klaiman ( klaiman @ umnacux . bitnet )
",0
,"b a r g a i n a i r f a r e s your 1 - stop travel supplier air , hotels , cars , trains , tours , packages * * * call 1-888 - 5-bargain or 202-898 - 7887 for reservations * * * * * * receive a $ 10 discount by referrering to this email * * * roundtrip international airfares : athens frnkfrt london madrid milan munich nice paris rome vienna atlanta $ 819 $ 750 $ 410 $ 745 $ 778 $ 700 $ 730 $ 699 $ 820 $ 845 boston $ 840 $ 760 $ 410 $ 770 $ 749 $ 675 $ 705 $ 620 $ 799 $ 799 chicago $ 935 $ 808 $ 520 $ 720 $ 829 $ 735 $ 766 $ 720 $ 850 $ 820 cincinati $ 999 $ 799 $ 510 $ 745 $ 850 $ 725 $ 765 $ 700 $ 820 $ 810 new york $ 820 $ 760 $ 360 $ 710 $ 799 $ 675 $ 715 $ 385 $ 730 $ 799 philadelphia $ 800 $ 730 $ 410 $ 670 $ 799 $ 658 $ 711 $ 600 $ 789 $ 699 washington $ 800 $ 750 $ 410 $ 695 $ 788 $ 640 $ 699 $ 620 $ 799 $ 740 discounted fares available from every us city to every city world wide ! ! exclusive domestic fares : washington to losangeles . . . . . $ 289 r / t atlanta to seattle . . . . . . . . . $ 299 r / t newyork to losangeles . . . . . . . . $ 269 r / t philadelphia to denver . . . . . $ 289 r / t hotel exclusives - daily breakfast and taxes all included : vienna $ 59 frankfurt $ 75 london $ 85 prague $ 75 munich $ 79 manchester $ 95 nice $ 75 athens $ 65 budapest $ 69 naples $ 75 amsterdam $ 79 warsaw $ 89 geneva $ 79 paris $ 75 dublin $ 99 brussels $ 79 berlin $ 79 florence $ 79 venice $ 85 zurich $ 85 milan $ 79 lisbon $ 69 barcelona $ 75 madrid $ 75 over 8 , 000 hotels available from economy to 5 star deluxe at tremendous savings * * * call 1-888 - 5-bargain or 202-898 - 7887 for reservations * * * * * * receive a $ 10 discount by referrering to this email * * *
",1
book : english verbs,"author : eugene m . russakovskii , associate professor , kharkov state automobile & highway technical university ( xadi ) , kharkov , ukraine . title : "" encyclopedia of english verb forms : rules & exceptions "" publishing houses : "" karavella "" ( kharkov , ukraine ) ; "" prestige "" ( moscow , russia ) year of publication : 1998 isbn 's : 966-586 - 036 - 4 , 588-569 - 009 - x language : russian ( verb tables are given in english ) price : $ 30 + shipping and handling "" encyclopedia . . . "" deals with all english verbs having non-standard grammatical paradigm . the book might be considered as a [ very ] far going generalization of the pages 96-120 of the well-known monograph by r . quirk , g . n . leech , s . greenbaum , and j . svartvik "" a comprehensive grammar of the english language "" . as the main subject of "" encyclopedia . . . "" is studying all english verbs with non-standard grammatical paradigm , irregular verbs are also included . one will find here 1209 irregular verbs , including 297 monomorphemic ones and 20 verbs-abbreviations . all irregular verbs are classified into 86 schemata . numerous comments related to verb forms usage are given , all schemata are described in detail . naturally , irregular verbs , can't exhaust the subject under consi - deration ! as it turned out , many questions related to non-standard verb in - flexions have been exposed by grammarians in an insufficiently severe form , and with numerous gaps ; a number of situations has not been described or those descriptions contained different errors and inaccuracies ; the set of rules regulating pronunciation and spelling of verb inflexions was non-complete ; the sets of exceptions to the formulated rules did not exist at all or contained only a small part of the corresponding verbs-exceptions . in "" encyclopedia . . . "" , we formulate an exhaustive set of rules regulating pronunciation and spelling of verb inflexions , both for bre and ame , taking into account all possible , sometimes rather curious , situations . every rule is supplied with the corresponding set of exceptions ( if there are any ) ; they are named "" ccc "" 's ( "" closely complete corpora "" ) in our book . numerous errors and inaccuracies ever met in related literature have been corrected in "" encyclopedia . . . "" . * * * * * for information on ordering please contact the author at : arus @ ilt . kharkov . ua
",0
interdisciplinary approaches to latin america,"crossing boundaries : interdisciplinary approaches to latin america 29th june - 2nd july 1999 call for papers this international conference aims to explore some of the contemporary cultural debates taking place about latin america and to draw together the various strands of those debates in a multidisciplinary forum . papers might consider the various issues around modernization , hybridity , or transculturation as they apply to various fields of study . papers would be welcome in any of the following fields : cultural studies , literature ( particularly those looking at trends in contemporary narrative including neo-avantgarde and popular fiction ) , drama studies , cinema , gender studies , popular culture , comparative literature , anthropology , ethnography , sociology , linguistics , economics , politics and / or law . symposia proposed so far include ' exile : the latin american experience ' , ' indigenismo & negrismo ' , ' u . s . & latin america ' . papers should be no longer than 20 minutes . abstracts of no more than 200 words in english , spanish or portuguese should be sent , preferably by email , to the conference organisers ( see below ) , department of languages and cultural studies , university of limerick , ireland by the 31st of january 1999 . conference organizers nuala finnegan , kate quinn , nancy serrano , department of languages and cultural studies , university of limerick , limerick , ireland . tel . 353 61 202700 fax : 353 61 330316 email : nuala . finnegan @ ul . ie , kate . quinn @ ul . ie , nancy . serrano @ ul . ie - - - - - - - - - - - - - - - - - - - - - - for updates etc . , please visit our webpage : http : / / www . ul . ie / ~ neylonm / conf . html mr . michele j . neylon , department of language & cultural studies , university of limerick , limerick , ireland tel . 353-61 - 202670 http : / / www . ul . ie / ~ neylonm / index . html _ _ _ _ _ _ _ _ _ _ _ _ _ _ _ _ _ _ _ _ _ _ _ _ _ _ _ _ _ _ _ _ _ _ _ _ _ _ _ _ _ _ _ _ _ _ _ _ _ _ _ _ _ _ _ _ _
",0
adults onlyhottest phone sex everall lines unsencored,"live 1-on - 1 011-678 - 72304 live group action 1-767 - 445-2357 hot sex stories 1-664 - 410-4710 dating program with personal voice mail 1-268 - 404-6621
",1
dialogues on bakhtin,"dialogues on bakhtin : interdisciplinary readings mika lhteenmki & hannele dufva ( toim . ) jyvskyl : centre for applied language studies , 1998 . 116 s . the ideas of mikhail bakhtin ( 1895-1975 ) , who has become the foremost russian philosopher and thinker in the humanities , have received much scholarly interest in the recent years . thus , the legacy of bakhtin , which during his lifetime clearly belonged to the realm of ' unofficial ' , has by today gained a firm official and institutional status both in his homeland and in the west . the present volume represents an interdisciplinary view to the work of mikhail bakhtin . the articles cover ' bakhtinology proper ' as well as recontextualizations of bakhtinian metaphors within various disciplines , such as linguistics , psychology of language , literary criticism and psychotherapy . contents : c . brandist & d . shepherd : from saransk to cyberspace : towards an electronic edition of bakhtin v . makhlin : bakhtin against the current e . peuranen : bakhtin : soft and hard k . matilainen : bakhtin and modernity : crisis of the architechtonic , crisis of the dialogue , crisis of the carnivalesque m . lhteenmki : on dynamics and stability : saussure , voloshinov , and bakhtin o . - p . salo : developing language in social context : on the relationship between dialogical theory and the study of language acquisition h . dufva : from ' psycholinguistics ' to a dialogical psychology of language : aspects of the inner discourse ( s ) m . leiman : words as intersubjective mediator in psychotherapeutic discourse : the presence of hidden voices in patient utterances price : 80 fim inquiries and orders : centre for applied language studies university of jyvskyl , pl 35 , 40351 jyvskyl fax + 358-14 - 603 521 ; e-mail : toimisto @ kkkk . jyu . fi
",0
re ; inquiry for lost id . . . for replacement from anywhere in theworld,"yes . . . . we carry all types of id from all over the world . . . . . any = state . . . any province or country . . . . . . be anyone you want . . . protect your privacy . . . . lost id replaced in 24 hours . . . . . . largest selection of novelty id anywhere . . . . call us 24 hours order your free catalog today . . . . . . . 604-244 - 4926 24 hours . . . 604-244 - 4926 student id from any college or university . . . travel id . . . press id . . . state id . . . fbi id . . . . fun and entertainment id . . . . . or just about any type id custom made to your satisfaction . . . id from any country in the world . . . . . . . visit us at : http : / / www . photoidcards . com
",1
book on sed and awk in language research,"combining the bourne - shell , sed and awk in the unix environment for language analysis = = = = = = = = = = = = = = = = = = = = = = = = = = = = = = = = = = = = = = = = = = = = = = = = = = = = = = = = = = = = = = = = lothar m . schmitt ( 1 ) and kiel t . christianson ( 2 ) 1 . the university of aizu school of computer science and engineering , aizu - wakamatsu city , fukushima prefecture , 965-80 , japan . e - mail : lothar @ u-aizu . ac . jp 2 . michigan state university dept . of linguistics and germanic , slavic , asian and african languages east lansing , michigan 48824 , usa . = = = = = = = = = = = = = = = = = = = = = = = = = = = = = = = = = = = = = = = = = = = = = = = = = = = = = = = = = = = = = = = = abstract = = = = = = = = we show how to construct tools for language analysis in research and teaching using the bourne - shell , sed and awk under unix . applications include the following : searches for words , phrases , grammatical patterns and phonemic patterns in text ; statistical evaluation of texts in regard to such searches ; transformation of phonetic , phonemic or typographic transcriptions ; comparison of texts in various respects ; lexical-etymological analysis ; concordance ; assistance in translating text ; assistance in learning languages ; assistance in teaching languages ; and text processing and formatting . the latter includes the generation of on-line dictionaries for the internet from files that were generated with what-you - see-is - what-you - get editors representing only the linear structure of the dictionary ( i . e . , the book ) . all of the above can be achieved with particularly simple and short code . in that regard , we illustrate how sed and awk can be combined in the pipe mechanism of unix to create very powerful processing devices . our notes include a short introduction to programming the bourne - shell and rather short , but complete descriptions of sed and awk customized in regard to language analysis . * * * * * * * * * * * * * * * * * * * * * * * * * * * * * * * * * * * * * * * * availability : 1 ) eric document service ( soon ) , 2 ) e - mail lms , 3 ) possible posting .
",0
macintosh applications on classical philology,"riao rufilanchas , daniel . 1998 . "" aplicaciones de macintosh a la filolog ' ia cl ' asica . "" madrid : ediciones cl ' asicas . ( x + 180 pages , paperback , isbn : 84-7882 - 342 - 5 , 1 , 300 pts ; roughly equal to $ 8 ) . ( in spanish . english title : "" macintosh applications for the classical philology "" ) . this book offers information on computer applications of interest for students , researchers and scholars in the field of classics ( ancient greek and latin ) , including papyrologists and epigraphists . it also contains a long section that examines the existing text databases ( tlg , phi , cetedoc cd-rom s , etc ) and bibliographic databases ( dbc , dyabola , etc ) , even when the retrieval software is not implemented for the macintosh platform . it deals extensively with font and keyboard issues , and other aspects of the personal computer use that are most likely to appeal the philologist or linguist working with ancient greek or latin texts . summary of the table of contents : 1 . conceptos b ' asicos ( basic concepts ) 2 . fuentes y teclado ( fonts and keyboard ) 3 . programas de uso general empleados en el trabajo filol ' ogico ( general purpose programs often used in the philological work ) 4 . bases de datos textuales y bibliogr ' aficas ( text and bibliographical data bases ) 5 . aplicaciones espec ' ificas para filolog ' ia cl ' asica ( programs specifically designed for the classical philology ) 6 . utilidades generales especialmente ( all - purpose utilities ) 7 . presentaci ' on e intercambio de documentos en formato electr ' onico ( electronic-format documents interchange and presentation ) apndice 1 . direcciones de internet ( internet addresses ) apndice 2 . glosario de t ' erminos t ' ecnicos ( technical terms glossary ) apndice 3 . distribuidores de los productos ( products distributors ) apndice 4 . ' indice temtico ( thematic index ) . you can ask for the book to : ediciones cl ' asicas san maximo , 31 , 4 : 8 28041 - madrid spain ( no email or www address yet ) please , contact with the author for more information about the book at danielrr @ mad . servicom . es . addenda to book can be obtained via e-mail at the same address , and will be published in the author 's web page in the next weeks . _ _ _ _ _ _ _ _ _ _ _ _ _ _ _ _ _ _ _ _ _ _ _ _ _ _ _ _ _ _ _ _ _ _ _ _ _ _ _ _ _ _ _ _ _ _ _ _ _ _ _ _ _ _ _ _ _ _ _ _ _ _ _ _ _ _ _ daniel riao rufilanchas c . santa engracia 52 , 7 dcha . 28010 - madrid , espaa _ _ _ _ _ _ _ _ _ _ _ _ _ _ _ _ _ _ _ _ _ _ _ _ _ _ _ _ _ _ _ _ _ _ _ _ _ _ _ _ _ _ _ _ _ _ _ _ _ _ _ _ _ _ _ _ _ _ _ _ _ _ _ _ _ _ _
",0
young hot girls new site,"> > young hot girls new site can you handle 2 young , hot , sexy girls ? cum watch us at : http : / / www . livewhorehouse . com where you can complete our menage-a - trois . we really hate it when you do n't cum . luv nadia and alexa xoxoxoxoxoxo = = = = = = = = = = = = = = = = = = = = = = = = = = = = = = = = = = = = = = we honor all remove requests ! ! just mail your requests to : jackpotx @ ix . netcom . com = = = = = = = = = = = = = = = = = = = = = = = = = = = = = = = = = = = = = =
",1
swadesh list,"does anyone have a copy of the swadesh word list at hand ? i should like to get a copy by email as soon as is practicable . thanks in advance . adams bodomo bodomo @ csli . stanford . edu
",0
summary : half a day,"dear readers , many thanks to all respondents ( 51 ) who sent replies to my query about time phrases and native-speaker judgments . there were too many replies to acknowledge individually . many of you asked for a summary , so here goes . # # = strongly preferred , # = good , ? = awkward , x = bad , yuck the figures following each phrase give the number of votes cast in each category . they do n't all add up to 51 because some respondents ( rs ) expressed only their first preference . # # # ? x 1 the family spent . . . . . . . in ipswich . a . a day and a half 24 26 0 0 b . one and a half days 1 31 7 7 c . thirty-six hours 1 29 6 9 this makes [ a ] a clear winner , but for many rs [ b ] and [ c ] are acceptable , too , depending on context . comments : a . implies enough time to socialize ; implies most of sunday spent in ipswich , leaving at noon on monday b . implies ipswich was part of a series of visits ; implies an overnight stay ; part of a list ; stilted c . military / aeronautical ; whirlwind tour ; every moment packed with feverish activity ; at a conference - one and a half days spent on syntax ; working under time pressure ; airplane layover / waystation ; ok for negative experiences ( flu / jail ) . ( i take it a ' layover ' is us for british 's topover ' , or maybe it 's a stopover with a visit to a girlfriend ? ) 2 . it took me . . . . . . . . to write the book . a . six months 16 34 0 0 b . a half-year 0 10 9 25 c . half a year 3 44 1 1 while there is a preference for [ a ] , [ c ] is not far behind . [ b ] is problematic . comments : a . feels shorter ; not as much effort required as ' half a year ' b . suggests an academic half-year ; yuck , unnatural ; sounds non-native or british ( from american rs ) ; sounds american ( from british rs ) ; ok in financial contexts - a half year is either the first or second half , not an arbitrary 6 month period c . sounds longer than six months ; emphatic , with stress on ' year ' - 3 we ' ll be leaving in . . . . . . . a . half an hour 6 44 0 0 b . a half-hour 2 24 10 11 [ a ] wins . [ b ] splits people into two roughly equal camps . comments : b . sounds formal ; awkward ; funny ; sounds normal - we ' ll be leaving inna haf our ( from now ) . 4 tom worked for . . . . . . . . . in a lab a . a year and a half 13 37 1 0 b . one and a half years 0 32 6 7 c . eighteen months 3 39 6 0 while [ a ] wins , the other two are n't so far behind . comments : a . least exact . b . more exact ; part of calculation ( eg for pension ) ; stilted ; fussy . c . most exact ; emphasizes duration ; ok for children 's ages upto two years ; ok in contexts where precision is required ; suggests tom was less involved in the job ; maybe a temporary job . using months for time greater than a year , and hours for time greater than a day makes the time seem more rushed ; half an inch is ok but not half a foot , but half a yard is ok if bying cloth even though we do n't normally speak of half a yard . the overall impression that i get is that context and pragmatic considerations determine which lexical item will be acceptable in any given slot , and even then there is considerably more tolerance for some expressions than i would have thought possible / probable . three rs said all eleven phrases are 100 % ok . i have n't given details of rs ' background / nationality etc , since not all rs gave me details . however , about three-quarters of replies came from the usa . i hope this has been of some interest . many thanks for your response . roger maylor dept of linguistics and english language university of durham , uk
",0
is this you,"to have your name removed from this list call toll free 1-888 - 829-1943 an exciting new domain is now available to the public ! ! free searches ! ! ! ! http : / / www . webdomains . cc with more than 4 million . com domains registered , all the short and easy-to - remember names are gone ! now a new domain is open to the public and growing very fast : "" . cc "" ! ! major companies like intel , coca - cola , and even amazon . com have all already registered on the . cc domain ! ! ! they protected their domain names ! ! ! protect yours ! ! ! http : / / www . webdomains . cc the . cc domain reintroduces the possibility of owning short , easy-to - remember domain names and functions exactly as "" . com "" it is expected to match "" . com "" in growth and both personal and commercial use worldwide . availability of premiere names is excellent ! ! ! don ' t wait ! ! ! search for your name for free at : http : / / www . webdomains . cc http : / / www . webdomains . cc http : / / www . webdomains . cc _ _ _ _ _ _ _ _ _ _ _ _ _ _ _ _ _ _ _ _ _ _ _ _ _ _ _ _ _ _ _ _ _ _ _ _ _ _ _ _ _ _ _ _ _ _ _ _ _ _ _ _ _ _ _ _ _ do you yahoo ! ? get your free @ yahoo . com address at http : / / mail . yahoo . com
",1
forbidden xxx ( 4971 ),"teen girls 18-20 waiting to tempt and tantalize . . . join the action today with our free trial http : / / 3505021283 / adult / jeni20 / index . html * * * * * * * * * * * * * * * * * * * * * * * * * * * * * * * * * * * * * * * * * * * * * * * * * * 65857
",1
"computational linguistics : the altavista "" refine "" option","a colleague of mine told me about the "" refine "" option offered by the altavista search engine ( http : / / www . altavista . digital . com / ) and how good it was . in a nutshell , the "" refine "" options returns a list of synonyms of , and notions related to the words in your query . indeed , it gave extremely sensible responses . perversely perhaps , i tried it in french , using "" vin "" ( what else ! ) as the keyword . bingo . this is what it returned : 72 % etait , etre , annees , meme , apres , etaient , derniers 59 % egalement , particulierement , differentes , possibilite 52 % qualite , vins , vin , vignoble , vigne , crus , vignes , vignerons , vigneron [ etc . . . ] far from satisfactory . "" eau "" and "" pain "" returned similar nonsense , featuring "" etaient "" , "" etre "" , "" egalement "" et alia in prominent positions . in fact , altavista "" refine "" seems decidedly adverse to foodstuff in french , "" fruit "" , "" poisson "" and "" sandwich "" failing equally miserably ( so did "" sable "" , "" mer "" , "" lac "" ) . so i was quite surprised when italian queries about "" wine "" returned sensible synonyms : 60 % vino , vini , vigneti , uve 40 % quantita , ettari , vitigni 39 % sapore , profumo , invecchiamento [ etc . ] "" acqua "" and "" pane "" fared equally well . so i turned my attention to spanish . spanish did quite as badly as french . this is quite puzzling for the size of the spanish data is quite large . i do n't know what inspired me , i decided to ask for an italian sandwich ( "" panino "" ) . bingo again ! 60 % perche , chissa , guardo , cazzo , sembrava , poiche , merda , riposto [ yes , unbelievable but true ] 54 % mangiare , specialta , birra , mangia , roba , piatti , gusti , soldi , bere 33 % avevo , scusa , aveva , stavo , rispose , facevano [ etc . ] my colleague and i scratched our collective heads , experimented some more , and came to the conclusion that the thesauri are built by a neural net ( she is heavily into neural nets ) . still , the excellent behaviour of the english thesaurus was suspect . but no , experimenting demonstrated that it could not have been a hand-crafted thesaurus . there are ways of "" salting "" a neural net and that is probably what digital did for english ( and perhaps for italian ) . do take a break and experiment a bit with altavista "" refine "" option in your favourite languages ( polish was as nonsensical as french ) . it is quite amusing . and perhaps useful : next time someone knocks at your door with a neural net for sale . . . ( i have seen queries for "" kentucky fried chicken "" return "" chicken sexers "" , "" waste burners "" and "" singing teachers "" , courtesy of a neural net ) . j . guy @ trl . telsta . com . au
",0
bangani,"i am looking for any information and / or bibliographical references on an indian language called bangani . this language apparently has preserved some remarkable archaisms , and would appear from the available data in fact not to be an indo - aryan language . the only information i know of on the language appears in two articles by claus peter zoller in mss 49 and 50 , 1988 and 1989 . daniel baum the hebrew university of jerusalem jerusalem israel dmbaum @ shani . net
",0
re : information,"http : / / www . privategold . com / cgi-bin / click-pg . cgi ? who123 100 % xxx 100 % = 46ree signups cheap 3month signups copy exact link for my prices !
",1
history of syntax,"content - length : 1255 available upon request : a 4 - page compilation of historically significant short quotations on syntax , in the original tongues , translated in the case of greek or latin . included : aristotle , dionysius thrax , varro , port - royal , saussure , jespersen , bloomfield , harris , chomsky , diver . just the essentials of the classics ; nothing later than 1969 . send self-addressed stamped ( if usa ) envelope to : joseph davis , ph . d . dept . of elementary education city college new york , ny 10031 jcdcc @ cunyvm . cuny . edu
",0
"re : 6 . 823 , qs : german , nostratic , romanization , chinese errors ,","shoebox content - length : 298 is it just me , or is the fact that a query needs to be posted asking what is nostratic proves the point a group of us made not so long ago on this very list about the need for the public , linguistic and general , to be allowed information about work in linguistics , whether we agree with it or not ?
",0
q : chomsky 's sea voyage ; how many of each kind of linguist are there,"( 1 ) somewhere there is a story of chomsky , seasick and uncertain of his future , coming with the idea of transformational grammar while traveling aboard ship . i am wondering if anybody remembers where . ( 2 ) are there are any surveys or other statistics that show how many linguists work within the different schools and also within different areas ( e . g . , phonology vs . syntax , comparative vs . theoretical , etc . ) . i will post summaries .
",0
philippine nat ' l lang .,"content - length : 786 a local newspaper recently printed a letter to the editor that read , in part , as follows : "" tagalog is not a language but the second-most commonly spoken dialect in the philippines ( next to cebuano ) out of more than 50 dialects . the national language is filipino , as required by the philippine congress in 1989 . "" does anyone out there know what filipino is , or where i might find some information on it and the events in the philippine congress in 1989 ? i 'd like to use this topic as a starting-off point for a class discussion about dialect vs . language , and prescriptivism , but i need to know more . if you have some information , please reply to me directly . thanks . - - christine brisson rutgers university cbrisson @ zodiac . rutgers . edu
",0
hypnosis and teach / learning a l2 .,"content - length : 1161 my name is richar king ( raking @ argo . acs . oakland . edu ) . i am a grad student in linguistics . i am looking for info concerning the use of hypnosis ( age-regression ) to teach or learn a l2 . if i could be put in contact with someone who is / has doing / done research along this line i would be eternally grateful . for i would like to write my thesis concerning this . please excuse the typos . thank you , dick king
",0
teaching material for statistical cl,"content - length : 1364 dear all , i am going to develop a course on statistical models and methods in computational linguistics using eugene charniak 's book "" statistical language learning "" . i would be very grateful for advice concerning : 1 . supplementary literature , especially on the mathematical background , probability theory , etc . , but also on applications . 2 . material for practical exercises , mini-projects , etc . , both written material and software if available . i 'd be happy to post a summary to the linguist list if there is interest . best regards , joakim nivre department of linguistics g = f6teborg university e - mail : joakim @ ling . gu . se
",0
query : future tense discourses,"hi everybody , i am looking for texts written in the german future tense ( yes , i do believe there is such a thing ! ) . could anybody help me out with references ? i want to compare the frequency of temporal adverbial anaphors in future tense discourses to the frequency in past tense discourses . thus , it would be best to have novels , short stories etc . by the same autor in both tenses . thank you ! birgit hamp
",0
summary : i . mel ' cuk,"content - length : 2450 a few people answered my question about i . mel ' cuk 1976 reference , so i thought a summary of the references i gathered might interest the linguistlist as a whole . first , i wish to thank the people that answered me : ( in order of appearance ) lars borin david beck ariadna solovyova claude coulombe lonz ( only reference i got on that person , from the electronic address . sorry ) miquel aguado keith goeringer claude boisson some directed me to pr mel ' cuk , who is teaching at montreal university . moreover , here is a list of melc ' uk 's works , including the one i was looking for , and subsequent works which update his views on the sign / word : 1976 . das wort . zwischen inhalt und ausdruck . munchen , wilhelm fink verlag , 461 p . ( parts of the book are writen in english ) 1979 . "" syntactic , or lexical , zero in natural language "" , proceedings of the berkeley linguistics society 5 , 224-60 . 1984-92 . dictionnaire explicatif et combinatoire du francais contemporain : recherches lexico-semantiques , 3 vols , montreal , presses de l ' universite de montreal . 1988 . "" semantic description of lexical units in an explanatory combinatorial dictionary "" , international journal of lexicography 1 / 3 , 165-88 . 1988 . dependency syntax : theory and practice , albany , state university of new york press . 1993 . cours de morphologie generale , vol . 1 : le mot , montreal , presses de l ' universite de montreal . _ _ _ _ _ _ _ _ _ _ _ _ _ _ _ _ _ _ _ _ _ _ _ _ _ _ _ _ _ _ _ _ _ _ _ _ _ _ _ _ _ jerome serme laboratoire ' dynamique du langage ' ( umr 9961 ) maison rhone - alpes des sciences de l ' homme 14 , avenue berthelot 69363 lyon cedex - france phone : + 33 72 72 64 12 fax : + 33 72 80 00 08 e - mail : jerome . serme @ mrash . fr _ _ _ _ _ _ _ _ _ _ _ _ _ _ _ _ _ _ _ _ _ _ _ _ _ _ _ _ _ _ _ _ _ _ _ _ _ _ _ _ _
",0
"re : 6 . 933 , misc : english only , a footnote on banning of german","a brief comment on on banning german in the us midwest during wartime : kurt vonnegut 's semi-autobiographical _ slapstick _ mentions how his german - speaking family self-censored the german out of their speech , music , etc . loren billings billings @ princeton . edu billings @ pucc . bitnet
",0
q : new email address for pier marco bertinetto,"content - length : 83 since the old address no longer works , would anybody know the new one ? alexis mr
",0
"re : 6 . 783 , german affricates","in regard to roger lass 's comments on ts vs . t # s ( or c ^ vs ts , as he puts it ) , i 'd like to comment that the pronunciation for t # s that he gives may not pertain for many american english speakers . i think i ' m not alone in having something like [ ? s ] ( ? = glottal stop , s = esh ) or [ raised - ? ts ] in the t # s case . in any case , as he indicates , the difference is one of a phonetic detail that is simply invisible in certain styles of phonological transcription . john e . koontz nist : caml : sced 883 . 04 boulder , co koontz @ boulder . nist . gov
",0
qs : a question from ask - a-linguist,"hi there ! i am sure you all know about the marvelous service that "" ask - a-linguist "" offers to the public . we received the following request on july 14 and until last night , there was no answer to it :
",0
donnellan complete citation,"a summary of my request for the complete citation : keith s . donnellan 1978 "" speaker reference , description and anaphora "" in syntax and semantics vol . 9 : pragmatics , peter cole , ed , n . y . : academic press . pp . 47-68 . this article was reprinted in 1979 contemporary perspectives in the philosophy of language , peter french , t . e . uehling jr , and h . k . wettstein , eds , minneapolis : u . of minnesota press . pp . 28-44 . thank you to the following people who responded to my request . charles meyer , gregory ward , steven bayne , robert knippen , anne reboul , jeffrey l . lidz , georges rebuschi , kjetil strand , becky passonneau
",0
passives,"hi all , does anyone know of a language in which passives are more frequent than actives ? it seems that it is possible to find languages in which actives are more frequent than passives , and even languages in which passives do not exist , but does the third case occur in any natural language ? any help on this would be greatly appreciated ? ll
",0
asian - language translators / editors needed,"arial translations , one of the country 's best-recognized asian - language translation firms for high-tech , has immediate openings for translators , editors and proofreaders proficient in japanese , chinese ( both simplified and traditional ) and korean . both on-site ( full time ) and off-site ( contractor ) opportunities are available . arial translations is located in portland , oregon and handled work for clients such as intel , hp and adobe . please e-mail your text resume to mike @ arialtranslations . com . for more information , visit http : / / www . arialtranslations . com thank you , - mike adams 503-646 - 4515 x 26
",0
summary of responses to psycholinguistics query,"in linguist 8 . 981 , i posted the following query : > if an ambiguous word has a strongly dominant sense , > is that sense most likely to be the one actually selected in neutral > contexts ? of course the intuitive answer seems obivously to be "" yes , "" > but i have n't found any formal studies affirming this , as most studies > do not explicitly relate dominance bias or strength of activation with > the processes of sense selection . > two more general questions : have the findings of tabossi > pretty much spelled an end to a purely modularist view of lexial > processing ? > and finally , to what extent are connectionist explanations of lexical > processing like kawamoto 's ( see below ) gaining credence among > psycholinguists ? the sole respondent was james fidelholtz , who , although he could n't directly address my questions , pointed out a very useful compilation of sense-frequencies for common english words : michael west , _ a general service list of english words _ ( 1953 ) , longman . thanks , dave = - = - = - = - = - = - = - = - = - = - = - = - = - = - = - = - = - = - = - = - = - = - = - = - = - = - = - = - = - david wharton department of classical studies 237 mciver building the university of north carolina at greensboro greensboro , nc 27412-5001 email : whartond @ uncg . edu tel . ( 910 ) 334-5214 = - = - = - = - = - = - = - = - = - = - = - = - = - = - = - = - = - = - = - = - = - = - = - = - = - = - = - = - = -
",0
query : classicalphilology list,"i would like to ask for information on a similar discussion list as this one on issues in classical philology , mainly literature but also history , linguistics &c . please send messages to szigetva @ osiris . elte . hu thanks . peter szigetvari
",0
position announcement / instructor,"position announcement instructor / linguistics the linguistics program at the university of southern maine has an opening for a part-time instructor to teach two sections of an undergraduate course titled "" analyzing language "" , beginning fall 1997 . this is a "" core "" course and meets a "" skills of analysis "" requirement for the usm core program . we are looking for candidates with excellent teaching skills and a broad command of linguistic theory . abd phd candidates are especially encouraged to apply . the two sections meet for 2 1 / 2 hours each at 4 and 7pm on wednesday evenings in portland . in future semesters course schedules can be arranged to accommodate the instructor 's schedule . salary will be in the range $ 1749 - $ 2100 per course , depending upon experience . travel time from boston to portland is about 2 hours by car . if you are interested in this position ( or know someone who may be ) please contact prof . wayne cowart at ( 207 ) 780 4477 ; fax ( 207 ) 780 5561 ; cowart @ usm . maine . edu . candidates should contact us by phone or e-mail first then submit a letter , cv , and a letter of reference from someone familiar with the candidate 's teaching experience . mailing address : linguistics program , university of southern maine , p . o . box 9300 , 96 falmouth st . , portland , me 04104-9300 . the university of southern maine is an equal opportunity employer . = = = = = = = = = = = = = = = = = = = = = = = = = = = = = = = = = = = = = = = = = = = = = = = = = = = = = = = = = = = = wayne cowart / assoc . prof . of linguistics / director , usm core curriculum university of southern maine 96 falmouth st . portland , me 04103 usm linguistics webpage : http : / / www . usm . maine . edu / ~ lin e - mail : cowart @ usm . maine . edu phone : ( 207 ) 780-4477 = = = = = = = = = = = = = = = = = = = = = = = = = = = = = = = = = = = = = = = = = = = = = = = = = = = = = = = = = = = =
",0
chinese corpus,"dear netters , do you know of any chinese corpus ? i am doing some chinese analysis and would like to get hold of a chinese corpus . it does n't matter which chinese mode it uses ( gb , big5 , hz , etc . ) if you know one , please send me a message . thank you . ruizhong wang applied linguistics program northern arizona university ruizhong @ nauvax . ucc . nau . edu
",0
apocryphal american structuralist assertions,"there are two common , apocryphal assertions identified with american structuralist linguistics , and i am wondering if either of these assertions was actually made by an american structuralist . they are : 1 . language structures vary in infinitely many ways . this statement has been associated with boas , but it 's not in the hail intro . this statement has also been associated with martin joos , who supposedly said something along those lines attributing this view to boas ( but not necessarily endorsing it himself ) . 2 . the distributional method , applied rigorously , would yield a distinct syntactic category for every word in a language . it is possible that z s harris made such an assertion , though i have n't seen mention of it in the secondary literature . i am particularly interested in some form of these assertions made by structuralists who believed it themselves ; but if such do not exist , i am interested in attribution of these two beliefs to structuralists by others . thanks , bill croft
",0
sum : glosses with latex,"i got quite a number of replies to my query about latex style packages for linguistic glosses . the most widely used and perhaps best solutions ( my humble opinion ! ) are : covingtn . sty gb4e . sty , including cgloss . sty , a derivative of covingtn . sty both packages are available on ctan - servers ( latex users probably know what / where that is , otherwise try e . g . ftp . dante . de or www . dante . de ) . gb4e . sty redefines circumflexes and underline which may not be desired ( e . g . if you use esperant . sty ) . hope this information is useful . martin haase - - - - - - - - - - - - - - - - - - - - - - - - - - - - - - - - - - - - - - - - - - - - - - - - - - - - - - - - - - - - - - - - - - dr . martin haase mhaase @ dsouni1 . rz . uni-osnabrueck . de universitaet osnabrueck fb 7 phone : ( + 49 541 ) 969-4340 de-49069 osnabrueck fax : ( + 49 541 ) 969-4256 http : / / hal . cl-ki . uni-osnabrueck . de / ^ haase / ( ^ = tilde = % 7e ) - - - - - - - - - - - - - - - - - - - - - - - - - - - - - - - - - - - - - - - - - - - - - - - - - - - - - - - - - - - - - - - - - -
",0
romanizations,"i am looking for references for "" linguisitcally minded "" and / or standard romanizations to be used to produce orthographies of the following languages : arabic cantonese korean farsi hindi tamil all characters used in the romanization must be found on a standard keyboard . there needs to be a mapping between the original orthography and the romanization - - the romanization can contain more linguistic "" smarts "" than the original orthography . i ' ll post a summary of responses if it seems appropriate . so far i ' ve been looking at : arabic : for arabic if have been looking at the romanization used in the "" english - arabic conversational dictionary "" by richard jaschke , which claims to be "" one of the best pocket guides to arabic ever published "" cantonese : lshk ( linguistic society of hong kong , 1993 ) ( i ' m leaning toward this one . . . ) sidney lau korean : hangul ( i like this one . . . anyone ever had any negative experience with it ? ) farsi : i do n't have much for this but a little book called "" colloquial persian "" by leila moshiri . hindi : no reference , but i have made what i think may be a decent romanization . . . is there a standard ? none of the native speakers in my neck of the woods seems to know of one . . . tamil : pretty empty here . . . . .
",0
"re : 6 . 943 , disc : non - decimal counting systems","the fulfulde language of west africa is based on fives . so you have separate words for one through five , from then on : 5 + 1 for six , then 5 + 2 , 5 + 3 , 5 + 4 . but there is a word for ten : 's appo ' which indicates putting both sets of fingers together . then we get 10 + 1 . . . . 10 + 5 + 4 , then a separate word for twenty . . . . . i wish to contribute to this topic of discussion with dagaare data . dagaare is a west african language ( gur family ) spoken in ghana and burkina faso . i provide below salient aspects of the dagaare system of numerals . as can be seen it is basically a decimal system ( based on 10 ) but it is also , to some extent , based on 20 . forty in dagaare is two 20 's , sixty is three 20 's and , like french , eighty is four 20 's . hundred has its own name but some speakers still insist on calling it five 20 's . all this shown below . 4 . dagaare numerals + human count - human count nenyeni - yeni 1 bonyeni bayi - yi 2 ayi bata - ta 3 ata banaare - naare 4 anaare banuu - nuu 5 anuu bayooo - yooo 6 ayooo bayopoi - yopoi 7 ayopoi banii - nii 8 anii bawae - wae 9 awae ( noba ) pie 10 ( boma ) pie ( noba ) pie ne yeni 11 ( boma ) pie ne yeni pie ne bayi 12 pie ne ayi . . . . pie ne bawae 19 pie ne awae ( noba ) lezare 20 ( boma ) lezare lezare ne yeni 21 lezare ne yeni lezare ne bayi 22 lezare ne ayi . . . . lezare ne bawae 29 lezare ne awae ( noba ) lezare ne pie 30 ( boma ) lezare ne pie lezare ne pie ne yeni 31 lezare ne pie ne yeni lezare ne pie ne bayi 32 lezare ne pie ne ayi . . . . ( noba ) lezae ayi 40 ( boma ) lezae ayi lezae ayi ne yeni 41 lezae ayi ne yeni lezae ayi ne bayi 42 lezae ayi ne ayi . . . . lezae ayi ne pie 50 lezae ayi ne pie lezae ayi ne pie ne yeni 51 lezae ayi ne pie ne yeni lezae ayi ne pie ne bayi 52 lezae ayi ne pie ne ayi . . . . ( noba ) lezae ata 60 ( boma ) lezae ata lezae ata ne yeni 61 lezae ata ne yeni lezae ata ne bayi 62 lezae ata ne ayi . . . . ( noba ) lezae ata ne pie 70 ( boma ) lezae ata ne pie lezae ata ne pie ne yeni 71 lezae ata ne pie ne yeni lezae ata ne pie ne bayi 72 lezae ata ne pie ne ayi . . . . ( noba ) lezae anaare 80 ( boma ) lezae anaare lezae anaare ne yeni 81 lezae anaare ne yeni lezae anaare ne bayi 82 lezae anaare ne ayi . . . . ( noba ) lezae anaare ne pie 90 ( boma ) lezae anaare ne pie lezae anaare ne pie ne yeni 91 lezae anaare ne pie ne yeni lezae anaare ne pie ne bayi 92 lezae anaare ne pie ne ayi . . . . ( noba ) koo 100 ( boma ) koo koo ne yeni 101 koo ne yeni koo ne bayi 102 koo ne ayi . . . . koore ayi 200 koore ayi koore ata 300 koore ata . . . . koore awae 900 koore awae ( noba ) tur 1000 ( boma ) tur . . tur ayi 2000 tur ayi tur ata 3000 tur ata . . tur tur ( mur ) 1000 000 tur tur ( mur ) . . tur tur tur ( bur ) 1000 000 000 tur tur tur ( bur ) - - - - - - - - - - - - - - - - - - - - - - - - - - - - - - - - - - - - - - - - - - - - - - - - - - - - - - - - - - - - - - - - - - - - - - as can be seen for the last two numerals above , speakers would refer to million as ' thousand thousand ' and billion , presumably as ' thousand , thousand , thousand ' . the names in parenthesis ( ' mur ' and ' bur ' ) are my own suggestions , as a linguist / native speaker of the language , towards a better way of referring to very large numbers . i wonder how other languages are accomodating this need to have more numerals in the counting system . adams bodomo
",0
non - decimal counting systems,"the fulfulde language of west africa is based on fives . so you have separate words for one through five , from then on : 5 + 1 for six , then 5 + 2 , 5 + 3 , 5 + 4 . but there is a word for ten : 's appo ' which indicates putting both sets of fingers together . then we get 10 + 1 . . . . 10 + 5 + 4 , then a separate word for twenty . i beleive some dialects use ten times two for twenty . for thirty , forty , etc . we get 10 x 3 etc . there are separate words for hundred and thousand . 1000 x 1000 is probably a practical limit . i am sure this is not unique in this area of africa . leslie h . stennes
",0
re : struck out by nomo,"the symbol k was used in early baseball box scores , indicating that the batter had struck out . this abbreviation was probably originated around 1850 by henry chadwick who "" introduced the newspaper box score so that one player 's performance could be fairly measured against another 's . "" chadwick was a british born newspaperman who is described in ken burns ' baseball as baseball 's "" chief arbiter , publicist , and goad "" who was the country 's first baseball editor , working for the new york clipper and for the brooklyn eagle for nearly fifty years . he also wrote chadwick 's baseball manual that standardized the rules , etc . of the early game . ( this information comes from my baseball informant , chris hakala , and the narrative transcript of geoffrey ward & ken burns ' _ baseball _ published by knopf , 1994 . ) john limber department of psychology university of new hampshire , durham nh 03824 , usa email : john . limber @ unh . edu fax ( 603 ) - 862-4986
",0
resources on afrikaans,"a student of mine here in japan wishes to examine the evolution of afrikaans and its relationship to dutch / german / english . source material is scarce in local libraries , and i personally have not much knowledge of the language or literature on it . both diachronic and synchronic studies would be of interest - overview and broadly drawn material would be preferable to highly technical ( e . g . , syntactic ) analysis . thank you in advance to helpful linguists who can take the time to point us beyond "" the development of afrikaans "" and "" a grammar of afrikaans "" and work by botha to further material . reply privately to guy modica < gmodica @ fh . seikei . ac . jp > .",0
distance learning programs,"i am currently serving in the u . s . air force and would like to pursue a ma and or phd in linguistics . i was wondering if anybody on this list knows of any programs available for distance learning that can lead to either of the aforementioned degrees ? also , if it can be accomplished over the internet or some other medium ( video , etc . ) . thank you beforehand for any material or information you might be able to send to me ! thomas loyd
",0
pdt,"send for a free sample copy of mind and language edited by max coltheart , martin davies , samuel guttenplan , margaret harris , glyn humphreys , alan leslie , neil smith and deirdre wilson the phenomena of mind and language are currently studied by researchers in linguistics , philosophy , psychology , artificial intelligence and cognitive anthropology . mind and language aims to bring this work together in a genuinely interdisciplinary way . along with original articles , the journal publishes forums , survey articles , and reviews , enabling researchers to keep up-to - date with developments in related disciplines as well as their own . recent articles : vacuous singular terms , fred adams and robert stecker peacocke 's argument against the autonomy of nonconceptual representational content jose luis bermudez nonconceptual content : kinds , rationales and relations christopher peacocke systematically revisited : reply to chater and christiansen and niklasson and van gelder robert f hadley mind and language is published four times a year in march , june , september and december , by blackwell publishers , 108 cowley road , oxford , ox4 1jf , uk request your free sample copy by sending a message to jnlsamples @ blackwellpublishers . co . uk . please include your full postal address and state journal title .
",0
tolkien 's elvish languages : austronesian ?,"( this , of course , started as a spoof of proto - world ) is elvish austronesian or has sakao ( espiritu santo ) an elvish substratum ? that is the question . as i was looking for an elvish cognate for my proto - world * hu ( n ) t i came across ( and the whole effort took me perhaps five minutes , writing it down much longer , however ) : 1 . - losgar ( red snow ) . the place where feanor burned the ships of the teleri . los = snow , gar from car = red ( noel 1980 : 164 ) . - sakao kar = red . 2 . - minas tirith s ' tower of watch ' , ' tower of guard ' ( ibid . p . 170 ) ' minas ' being ' tower ' , ' tirith ' is evidently ' watch , guard ' . - sakao t ( y ) ry = to look at , to watch out . 3 . - lad ' plain ' , ' valley ' , s / 361 ( p . 160 ) - sakao la ^ dh = earth , ground 4 . - kel ' go away ' , ' flow away ' , ' flow down ' . s / 360 ( p . 159 ) - sakao gher ' to go past ' , ' to flow ' . 5 . - in ( of the ) . see various place names , including haudh - in - gwanur . ( p . 158 ) - sakao - yn , same meaning , as in ' waldhyn ietar ' 's on of yetar ( god ) ' . 6 . - ia ^ ' void ' , ' abyss ' s / 360 ( p . 156 ) - sakao ia ' oral cavity ' , ' opening ( of a cave ) ' 7 . - ondo q [ uenya ] 's tone ' s / 359 ( p . 180 ) - sakao iedh 's tone ' ( there is a pervading correspondence e / o throughout austronesian languages , and i am * not * making that up ! ) . or perhaps also : - sakao dhon ' mountain ' ( with metathesis and semantic shift ) . enough ? are n't you convinced yet ? all right . . . 8 . - vorn ' black ' . s / 360 ( p . 205 ) - sakao vyr ' black ' . 9 . - galadh s . ' tree ' ( p . 146 ) - sakao gholadh a tree sp . ( bislama "" nangkalat "" , a tree with urticant leaves ) 10 . - esse q [ uenya ] ' name ' ( p . 142 ) - sakao ase - ' name ' 11 . - sil q [ uenya ] 's hine with white or silver light ' ( p . 189 ) - sakao hoel ' cooking stone ' , regularly derivable from * s ( ui ) l ( aeo ) - sakao syl ' to singe ' and let 's make it an even dozen : 12 . - loa ' growth ' ( p . 163 ) - sakao lu ' to grow ' . work cited : ruth s . noel . the language of tokien 's middle - earth . houghton mifflin . boston 1980 .
",0
odd descriptions of character,"in discussing some old , and some contemporary , character descriptions given to people , i was wondering about some of their derivations . for instance , does anyone know of the origin and / or historical meaning of some of the following strange and humorous appellations ? nincompoop knucklehead blockhead nerd dweeb geek i expect some of the terms to have been fanciful phonological inventions ( such as in lewis carroll 's _ alice in wonderland _ ) , but others might actually be derived from meaningful ( even if pejorative ) references . if you have any input , i 'd like to hear it . thanks , michael beard wayne state university 73131 . 3101 @ compuserve . com
",0
burmese,"burmese pronunciation could somebody inform me what the burmese pronunciation of the name myanmar is ? helge sandoy , university of bergen e-mail : helge . sandoy @ nor . uib . no
",0
desparately seeking,"i am trying to get hold of a copy of a book reviewed in language last year : yolanda lastra ( 1992 ) sociolinguistica para hispanoamericanos . mexico city : el colegio de mexico none of the obvious people to get in touch with have answered my e-mail . does anyone on this list know how / where i can find this book ? even a snail-mail address for el colegio de mexico would be helpful . many thanks . david beck , university of victoria , canada djbeck @ uvvm . uvic . ca
",0
"adjectives , terminology , follow-up","colleagues , yesterday 's question about needing a term for a distinction in adjective use yielded lots of helpful responses . the terms i ' ll settle on are "" relational "" and "" qualitative "" . thanks especially to robert beard . ( economic is mainly relational ; economical is mainly qualitative ; educational in ' educational institution ' is relational ; in ' educational experience ' it 's qualitative ; etc . ) chuck fillmore - = = = = = = = = = = = = = = = = = = = = = = = = = = = = = = = = charles j . fillmore , university of california , berkeley , ca 94720 fillmore @ icsi . berkeley . edu office in icsi : 510 642 4274 extension 314
",0
homophones in english dialects,"i work with students with written language learning disabilities . my students and i create personalized editing checklists , one component of these checklists being a list of commonly confused homophones . i 'd like to compile a more comprehensive list , however . i ' ve got a copy of evan antworth 's list of homophones from standard english , but i 'd like to supplement this with homophones in dialects of english . i am particularly interested in mid - atlantic and southern dialects . thanks in advance - - suzanne cadwell
",0
strike outs,"hey baseball fans ! anyone out there know where ' k ' as a shorthand for 's trike-out ' comes from ? ? ? nomo - mania is big in japan and i ' ve had two different people ask me when they find out that i do linguistics . help ! ! - - amy
",0
"position : hamada , japan","please do n't apply by email . english teacher . full - time , 25-30 teaching hours / week . 250 , 000yen / month . travel allowance of 200 , 000 yen . teach in the beautiful countryside with a beach nearby . teach esl to all ages but must like children . university degree required . sponsorship available . fully furnished apartment at 48 , 000yen / month . paid holidays . renewable contract . application deadline asap . position begins october 6 , 1997 . apply by mail , fax , or in person with cv / resume , contact masaharu gotoh or reymie ramirez . gotoh school of english and math . aioi-3 , hamada - shi , shimane - ken 697 . 0855-23 - 0944 ( 22-2114 ) . fax 0855-22 - 2117 .
",0
sem : tocharian,"blockseminar : g . pinault ( professeur ` l ' universiti de clermont - ferrand - directeur ` l ' iphi ive ) einf | hrung tocharisch fu berlin , 22 . - 26 . sept . 1997 http : / / titus . uni-frankfurt . de / curric / colloq . htm # berlin97
",0
pragmatic checking and anaphor resolution,"in an article by marslen - wilson , levy , and tyler ( 1982 ) "" producing interpretable discourse : the establishment and maintenance of reference "" they discuss the role of inference or "" pragmatic checking "" in the process of anaphor resolution . briefly , anaphoric resolution results from checking the information predicated of the anaphor with the local or preceding discourse and thereby inferring the intended referent . could anyone steer me in the direction of other research which pursues a similar line of argument ? thank you very much . - richard cameron
",0
need word lists,"hi ! i have a program that generates bizarre poetry with an accompanying file of words . i am looking for word lists out on the net . lists of nouns , adjectives , verbs , adverbs , conjunctions , etc . also , if you know of any word lists by topic : computer , science , drama , art , agric-sci , plz let me know where these are on the net . thanks ! gloria mcmillan * - - - - - - - - - - - - - - - - * - - - - - - - - - - - - - - - * - - - - - - - - - - - - - - - * - - - - - - - - - - - - - - - - - * gmcmillan @ east . pima . edu http : / / pimacc . pima . edu / ~ gmcmillan / index . html virtual classroom : diversity university moo telnet > 128 . 18 . 101 . 106 8888 login as : co guest type : @ go # 2673 * - - - - - - - - - - - - - - - - * - - - - - - - - - - - - - - - * - - - - - - - - - - - - - - - * - - - - - - - - - - - - - - - - - *
",0
re : a * real * virus alert ( fwd ),"fyi about what looks like the real thing this time . cherilyn : ) - - - - - - - - - - forwarded message - - - - - - - - - - date tue , 6 jun 1995 09 : 43 : 50 - 0400 > from notes . wmyer @ a50vm1 . trg . nynex . com to : revwar @ unh . edu subject re : a * real * virus alert what is pkzip ? pkzip is the most common way of compressing computer files so they take up less room on a hard disk or less time to transmit over a data communications link . many people have , and use , this family of shareware products . pkware 's current legitimate version of pkzip is 2 . 04g . this , and earlier versions may be assumed to be safe . how is a trojan horse different than a virus ? the bogus pkzip products are files with pkz300 or pkz300b with either a . zip or . exe suffix . unlike a virus , these programs do not replicate themselves nor "" infect "" anything . they do their damage to that one pc that runs the trojan - horsed bogus program . it cannot spread , unless a person gives out a copy of the bogus program . . what happens if you use this bogus version of pkzip ? the unwary victim downloads the file from a bbs run by less than through operators . if the victim runs the . exe form of the bogus program , it erases the hard disk immediately . if the . zip form is downloaded and "" unzipped "" , the pkzip & pkunzip . exe programs will erase the hard disk when executed . special note to notes / lan admins : if a lan - attached pc were to run this trojan - horse type program , it would be safe to assume all the lan accessible files that can be deleted with the privileges of the logged-on user , will be at risk . note : no anti-virus packages guard against trojan horses . antivirus mechanisms guard against the pc & the pc operating system from being fooled . trojan horses fool the pc user . what you must do : inform all your technically astute pc users about this trojan horse , bogus pkzip version . tell them to beware . do not download or use any pkzip type programs from any bbs . until this situation wanes , all pkzip products brought into a pc are suspect . i have the honour and privilege to remain yr humble svt , walter h myer , major brigade adjutant brigade of the american revolution
",0
tommy lee and heather locklear ( before pamela anderson ) ( 9875 ),"live sincity xxxclub pictures and videos . featuring exclusive photos of . . . - tommy lee and heather locklear ( before pamela anderson ) - a calista flockheart strip tease ( aka ally mcbeal ) - plus much much more http : / / 208 . 234 . 97 . 99 / adult / mywife / index . html * * * * * * * * * * * * * * * * * * * * * * * * * * * * * * * * * * * * * * * * * * * * * * * * * * * * * * 72435
",1
ph . d programs,"a colleague of mine , who is a professor of english in japan , is seeking information regarding non-resident ph . d programs in linguistics available in the u . s . - - a course of study he would pursue while still in japan . where would we find such information ? please help us in any way you can . thank you very much for your time . ( please respond directly to the above email address . )
",0
hot xxx ( 917 ),"join in on the fun with us ! http : / / 38 . 150 . 73 . 20 / babez / index . html * * * * * * * * * * * * * * * * * * * * * * * * * * * * * * * * * * * * * * * * * * * * * * * * * 76557
",1
teach english in china,"a number of positions are open for teachers of english at the university of finance in shanghai . interested parties please contact dr . y . ho at hsintl @ aol . com for details .
",0
arizona and the web,"everybody : the url for linguistics at the university of arizona is now : http : / / radon . gas . uug . arizona . edu / ~ weinberg / index . html there is also now massive amounts of information describing just about every aspect of our undergraduate and graduate offerings , our programs , our faculty , etc . mike hammond
",0
typos in fromkin and rodman textbook,"this is a query to find out if anyone has a list of the typos that are in an early printing of the fifth edition to the fromkin and rodman textbook "" an introduction to language "" . i am using the text in an introductory class . while my copy of the book is fine , many of the students bought used versions that have a number of typos in the data sets . so , i was hoping that someone had a list of those typos ( or knew where i could get one ) , so that i can tell the students who have those defective copies . please send any answers to the following address : robinq @ ccwf . cc . utexas . edu thanks robin queen
",0
singapore query,"on behalf of a friend who has been offered a teaching position at the national university of singapore , i 'd like to ask 2 questions . 1 . does anyone have experience living in singapore or teaching at nus ? 2 . if so , could you tell me about your experience ? insights , suggestions , or special considerations would be welcome . please address a reply to jherman @ epas . utoronto . ca thanks .
",0
syllabus request for gender and language course,"i will be teaching a course ( upper division undergraduate ) on "" gender and language "" this fall and i would like to see examples of syllabi that other people have used for this kind of class . i am also interested in relevant books , readings and videos . alternately , maybe this information is already available somewhere on www and someone knows the address ? i will be happy to summarize for the list . thanks , patricia schneider - zioga pschneid @ aludra . usc . edu dept . of linguistics usc l . a . ca 90089-1693
",0
e-mail address,"i am looking for ian maddieson 's e-mail address . two of the lists i check do n't list it ; when i send mail to the one address i did find ( idu0ion @ csma . berkeley . edu ) , it gets bounced back .
",0
new research institute,"g . a . i . l . a . _ _ _ _ _ _ _ _ _ _ _ _ _ _ _ _ _ _ _ _ _ _ _ _ _ grupo autonomo de investigaciones en linguistica aplicada san juan - argentina dear fellow linguists ; it is a great honor to introduce you to a new research institute that has its headquarters in san juan , a province in the north-west of argentina , south america . we are concerned mainly with problems of teaching english as a foreign language ( tefl ) . we do research on foreign language learning and coordinate courses and debates on different topics within this general subject . a lot of information as regards the current state of the art is available to all those who are interested . also , it would be interesting to carry out joint ventures as regards research with other people around the world . please , feel free to contact us through my email address : leo ferres email : aleofer @ ffha . unsj . edu . ar thank you very much , and we sincerely hope that we can share information and stregthen communication . grupo g . a . i . l . a
",0
announce : mac common lisp http server 1 . 2 beta ( 29 . 2 ),"the common lisp web server is now available for mcl 3 . 0 . you can now interface your lisp programs to the world show exactly what you can do better and faster in lisp . the server is full-featured ( http 1 . 0 and html 2 . 0 ) and comes complete with source code . it has been proven in major production systems ( running on the lisp machine ) and applied in a number of artificial intelligence systems . key features include : * computed urls * html 2 . 0 generation . * implements get , head , post , put , delete http methods . * extensible , object-oriented architecture . * advanced condition architecture . * self - documentation . * working examples to get you started . * toolkit of web abstractions . * rapid prototyping for research , products , or protocol development . * disconnected operation on powerbooks . * complete source code . * free . the server was described in a paper at the 1st www conference http : / / www . ai . mit . edu / projects / iiip / doc / cl-http / server-abstract . html mac and lisp machine versions are now available for ftp from : ftp : / / ftp . ai . mit . edu / pub / users / jcma / cl-http / mac version 1 . 1 is included in the mcl 3 . 0 cd from digitool ( http : / / www . digitool . com / ) , which was cut yesterday and should be in user hands within about two weeks . the server also runs in mcl 2 . 0 . 1 , but only in single threaded mode . a listserve to discuss common lisp based www servers , clients , and related design issues is available at www-cl @ ai . mit . edu . you can join by sendin g an email message to www-cl - request @ ai . mit . edu including in the message body subscribe www-cl < your email address > future releases will be announced to www-cl . please report any interesting applications or server extensions to www-cl @ ai . mit . edu volunteers are sought for ports to lispworks , franz , lucid , cmu lisp or any other full-featured lisps running on pcs , unix machines , or other architectures . given the mac port , this reduces to deploying threads and interfacing to tcp . there will be a tutorial on this server and programming the web at the 1995 lisp users and vendors conference in cambridge in august , 1995 . ( contact luv-organizer @ ai . sri . com for further information ) . information is sought on other uses of dynamic languages ( e . g . , lisp , scheme , dylan ) in world wide web applications . the mac port was a product of a collaboration between apple 's cambridge research laboratory , the ai department of the university of wuerzburg , digitool inc , and the mit artificial intelligence laboratory . support for the mit ai lab 's research is provided in part by the advanced research projects agency of the us department of defense under contract number mda972-93 - 1-003n7 .",0
phonetics software,"i am interested in software containing phonetic symbols - - can anyone direct me ? thanks , karen robinson
",0
"re : 8 . 1098 , qs : french , chinese poetry , bannock","> > - - - - - - - - - - - - - - - - - - - - - - - - - - - - - - - - message 1 - - - - - - - - - - - - - - - - - - - - - - - - - - - - - - - > > date : sat , 26 jul 1997 20 : 23 : 41 - 0400 > from : ewb2 @ cornell . edu ( e . wayles browne ) > subject : question for french speakers > > in english one can distinguish two different placements of an adverb > with two different readings : > > ( 1 ) the conflict is not clearly an international problem . "" perhaps > the conflict is an international problem , perhaps it is not an > international problem ; whether it is an international problem or not > is not clear . "" > > ( 2 ) the conflict is clearly not an international problem . "" the > conflict is not an international problem . that is clear . "" > > in french , does > > ( 3 ) le conflit n ' est clairement pas un probl = e8me international . have > the meaning of ( 1 ) or ( 2 ) or both ? are there other possible placements > of _ clairement _ which would have a meaning differing from that of ( 3 ) ? rejean canac marquis , uqam ( linguistics ) & simon fraser university ( french dept ) clearly , sentence ( 3 ) has the meaning ( 2 ) , not ( 1 ) . if clairement is after pas , then meaning ( 1 ) takes over . this is of course without special stress or break . hope this is hopeful . best , rcm .
",0
email address ? ? ?,"dear linguists , does anyone know where can i get the email addresses of all ( or some ) the linguistics graduate schools in the us ? thanks for your kindly help sherman `
",0
sorry for the delay - fqtfsqvb,"hello thanks for stopping by ! ! we have taken many new pics and made some hot new videos ! they are the most erotic we have done ! stop by and be our guest for oodles of free fun ! click here and enter we thank you for all your business in the past ! the haven
",1
thank you for your continued support ! ( 12828 ),"as a special thank you from our team at web - entertainment , we have signed special licensing deals with top entertainment facilities across the world . please enjoy with our compliments and trust that we value you as a customer and look forward to continuing our services to you in the future as well as today ! http : / / 208 . 144 . 10 . 20 / ~ scout / index . html * * * * * * * * * * * * * * * * * * * * * * * * * * * * * * * * * * * * * * * * * * * * * * * * * * * * * * * * * * * * * * * * * * * * * * * * * * 55444
",1
sum : syntax texts,"content - length : 3080 a little over a week ago , i posted a query to linguist asking for suggestions for a textbook for an undergraduate course in syntax . i would like to thank the following people for their kind replies : robert beard , philip carpenter , kevin b cohen , brian lindsey , alan munn , helene ossipov , john phillips , and robin sackmann . i also received replies from several people asking about my reluctance to deal with cambridge university press , and several others asking why i have decided not to use napoli 's * syntax * again . i have replied to both of these groups privately . the query about syntax texts was worded in such a way as to eliminate napoli and radford from consideration . with that limitation imposed , haegemann 's * introduction to government and binding theory * was recommended by three people . none of the other books was mentioned more than once . however , some of these single mentions were most useful for me because they brought to my attention works that i had not heard of before or ones that i might not have considered otherwise . the complete list is given below . my thanks again to all who responded . steve seegmiller linguistics department montlciar state university ( seegmiller @ apollo . montclair . edu ) - - - - - - - - - - - - - - - - - - - - - - - - - - - - - - - - - - - - - - - - - - - - - - - - - - - - charles bird and timothy shopen , article on maninka in timothy shopen ( ed . ) languages and their speakers ( or . . . status ) . university of pennsylvania press . keith brown & jim miller , syntax - a linguistic introduction to sentence structure . harper collins academic , 2nd ed . 1991 . vivian cook , chomsky 's universal grammar , 2nd ed . blackwell 's 1996 . elizabeth cowper , concise intro to syntactic theory . liliane haegemann , an introduction to government and binding theory , 2nd ed . blackwell 's lieb , hans - heinrich : integrational linguistics . in : jacobs , j . , et . al ( eds . ) : syntax . an international handbook of contemporary research . berlin ; new york : de gruyter , 1993 . lieb , hans - heinrich : integrational linguistics . in : lieb , hans - heinrich ( ed . ) : prospects for a new structuralism . ( = current issues in linguistic theory [ cilt ] , 96 ) . amsterdam ; philadelphia : benjamins , 1992 . ronald wardhaugh , understanding english grammar : a linguistic aproach . blackwell 1995 . gert webelhuth ( ed . ) , government binding theory and the minimalist program .
",0
query repetitions,"i am writing for a graduate student who is not on the list . please send any answers directly to him . his address is at the end of the message . he 's interested in speakers ' noncorrective repetitions ( including paraphrases ) of their interlocutors ' utterances and utterance fragments , especially in educational contexts . if you know of any work on this subject or if have any hypotheses , please write to marinus stephan at stephan . 15 @ postbox . acs . ohio-state . edu . michael newman asst . professor of educational linguistics dept . of educational theory & practice the ohio state university
",0
corpus software,"i ' m about to computerize a sociolinguistic corpus of spoken french and english . i would be grateful to anybody who could give me some information about concording and text retrival softwares . i ' m using a macintosh micro-computer . thanks . . . louise charbonneau - lloyd
",0
q : incorporation in mandarin ?,"having recently arrived in taiwan to take up a teaching position and , as a result , started getting involved with mandarin chinese , i have very recently noticed that in this language , compound verbs can be ` interrupted ' , if i may so put it , by locative phrases . witness the following exs . : ba yizi banjin fantingli lai obj . marker chair move-come - in - dining room - come ` bring the chairs into the dining room ' ta paohui jya qule he run-return - home - go-asp . marker ` he has run back home ' ba zheiben shu nahui xuexiao qu obj . marker this-class . book carry-return - school - go ` take this book back to the school ' i ' m wondering ( in order not to reinvent the wheel ) if anybody has looked into the possibility of analyzing such constructions as examples of incorporation ? if not , can anybody offer me a good reason why not ? if there 's enough interest i ' ll post a summary . best , steven - steven schaufele , ph . d . asst . prof . of linguistics english department soochow university waishuanghsi campus taipei 11102 taiwan , roc ( 886 ) ( 02 ) 881-9471 ext . 6504 fax : ( 886 ) ( 02 ) 883-5158 fcosw5 @ mbm1 . scu . edu . tw
",0
parsers for russian,"this query was also posted to seelangs - - apologies in advance for redundancy . i ' m a doctoral candidate in slavic linguistics at the university of washington . this summer , though , i ' m interning at educational testing service in princeton , nj , where i ' m working with the natural language initiative headed by randy kaplan . as part of my summer project here , i wanted to look at parsers which people may have built for russian . anyone know where i could find some to look at , or know someone who would know ? suggestions for reading on non - english language parsers are also welcome . thanks in advance for any information , lisa frumkes lfrumkes @ ets . org
",0
case studies needed,"dear colleagues , i ' m preparing to teach an introductory course in language variation , and i 'd like to get your help ( again ) . could you recommend any case studies , either from published sources or from your own experience , that would be appropriate for class discussion ? what i ' m looking for in a case study is a description of a real situation , preferably a somewhat controversial one . ideally , it would include some background information , a description of the conflicts involved , the sequence of events up to a point where a decision is needed , and a description of the actual decision taken . since the course is on language variation , relevant case studies would include anecdotes on discrimination in the workplace or in the educational system because of language choice or dialect choice , or cases involving difficult decisions in language planning or language legislation . i ' ve never used case studies before , so advice and comments are also welcome ! my address is mkuha @ silver . ucs . indiana . edu thanks for your help . mai kuha
",0
"re : 8 . 1107 , qs : lang . games , "" democratic , "" word change","dear mr . ungar : is us congress incorrect ? any noun can modify another noun . but the heart of your question is that employment of democratic makes most people associate feelings deriving from the political process : democratic elections , etc . most republicans would hardly utter an unfavorable word about "" democracy "" though its origins are hardly as uncontroversial . democrat calls forth associations with figures in the democratic party , many of whom are personally unlikable or do not enjoy reputations for integrity or ethics . so the republican strategy is actually quite clever . particularly in view of the fact that the republic party would call forth the same positive associations since our electorate is blissfully unaware of the significant differences between the two forms of government . the democrats used to try to do something similar with "" party of nixon "" , "" party of hoover "" but since educational decline in this country , how many high school graduates know who hoover or nixon were ? it is a dilemma for propagandists ! pat
",0
summary : heavy onsets references,"original query :
",0
sum master 's dissertation,"dear netters , about a week ago i asked for help in locating peter master 's dissertation : "" a cross-linguistic interlanguage analysis of the acquisition of the english article system "" , ( 1987 ) . i got immediate response and i 'd like to thank you all . i ' m now trying interlibrary loan ( or possibly getting it through umi ) . above is the correct , full title of the works . again , thanks to : jeff macswan jack hall richard epstein scott delancey marjorie parker bob williams lyn repath - martos catherine ball bruce spencer robert freel best regards , pia kohlmyr mrs pia kohlmyr ( phd student ) phone : int + 46 ( 0 ) 31 773 17 67 gothenburg university e - mail : pia . kohlmyr @ eng . gu . se department of english fax : int + 46 ( 0 ) 31 773 47 26 s-412 98 gothenburg sweden
",0
internships in israel,"i have recently moved to israel and am studying at tel aviv university towards a ma in linguistics ( but my bachelors is not in linguistics ) . i am looking for information regarding possible ( paid ) internships with companies working on projects which include a linguistic aspect . if anyone knows of any internship possibilities , or even knows which companies in israel are working on linguistics oriented projects , i would apretiate any information you can give me . thanks in advance , leah klearman klrmn @ zoot . tau . ac . il
",0
anglicization of composers ' names,"judging from the return post , i must have sounded like some kind of self-proclaimed expert on composers ' names . let me hasten to say that i ' m not . all the pronunciations i put in that little list came as surprises to me . in all cases but one , they were given to me by native speakers of the composers ' language , while i was visiting the composers ' native country . i do n't speak any of those languages and certainly do not claim any expertise . i ' ve just been trusting "" competent native speakers "" . the one exception , by the way , was when karl haas , on one of his daily "" adventures in good music "" broadcasts , asserted that pachelbel should be pronounced pach - el - bel . based on karl 's provenance i was inclined to trust him . but perhaps i ' ve gone overboard taking natives ' pronunciations as gospel . after all , we americans certainly manage to mangle enough of our own words , do n't we ? sorry for any consternation i may have caused . i ' ve certainly gotten an education from this . cheers , gordon brown
",0
re : american - english in australia,"hello ! i ' m working on a thesis concerning attitudes toward america and the use of american - english by australia . i would be interested in hearing from anyone who has researched this field or who knows of recent research . i ' m particularly interested in the methods used to illicit or ascertain the use of target vocabulary ( eg . pharmacist vs chemist , candy vs lollies etc . ) if you can help , please email jmar2 @ mfs01 . cc . monash . edu . au an edited list of responses will be posted on the linguist list thank you , jessica marks = = = = = = = = = = = = = = = = = = = = = = = = = = = = = = = = = = = = = = = = = = = = = = = = = = = = = = = = = jmar2 @ mfs01 . cc . monash . edu . au
",0
